user_id,role,table_name,access_type,query_time
amyvalenzuela,data_engineer,students,write,2025-01-21 20:42:53.549719
petersonfrank,analyst,grades,read,2024-07-25 19:18:16.439661
jacob57,analyst,courses,delete,2024-08-30 16:54:19.451402
paul92,admin,enrollments,read,2024-11-21 03:48:01.932463
mirandawalker,analyst,consent_logs,delete,2025-01-06 05:04:15.336598
curtis81,data_engineer,consent_logs,delete,2025-01-17 05:43:55.227086
bwood,admin,grades,write,2025-06-09 07:14:05.754118
ystone,data_engineer,grades,read,2025-06-08 13:15:14.133903
alexis57,data_engineer,grades,write,2025-04-05 01:27:00.188439
mallory30,admin,enrollments,read,2024-09-05 15:26:42.340558
richpatricia,admin,grades,delete,2025-04-23 19:21:20.245566
housedaniel,data_engineer,courses,read,2024-12-19 11:43:29.686316
mmartin,analyst,consent_logs,write,2025-01-03 05:12:22.907204
brandi40,admin,grades,write,2024-07-28 03:26:01.283556
jason41,analyst,students,delete,2024-10-23 12:31:02.717991
urodriguez,data_engineer,grades,read,2024-09-08 14:46:39.991248
jessicadiaz,data_engineer,students,read,2025-05-16 08:49:09.604162
halvarez,analyst,students,delete,2024-08-01 07:04:49.386932
uwest,analyst,courses,delete,2024-07-13 10:53:32.419197
stephanie21,data_engineer,courses,read,2024-10-08 06:23:46.765634
johnsonmichael,data_engineer,enrollments,delete,2024-12-10 12:13:27.228873
hortonalexandra,analyst,students,delete,2025-01-17 19:20:13.734951
katherinesmith,analyst,consent_logs,delete,2024-11-05 13:48:39.562846
meganrose,admin,courses,write,2025-05-05 12:57:14.671080
richard25,analyst,students,write,2025-01-16 07:34:53.541120
ubutler,data_engineer,students,write,2025-05-08 07:24:27.088435
csparks,data_engineer,consent_logs,delete,2025-01-09 13:29:16.220795
kenneth22,analyst,courses,write,2024-12-23 16:28:59.160212
william48,admin,students,read,2025-02-12 14:57:38.558498
yoconnell,data_engineer,consent_logs,read,2025-05-09 07:35:40.547935
gregory24,analyst,grades,write,2025-06-11 15:07:55.657457
poncelisa,data_engineer,enrollments,read,2024-11-30 02:10:29.302612
anthony00,admin,courses,read,2024-07-12 09:19:13.955930
nathan39,data_engineer,students,write,2025-02-18 03:55:00.089231
charlesyoung,analyst,students,write,2025-02-16 10:48:33.138040
lloydmiranda,analyst,courses,read,2024-07-22 00:27:10.685327
nguyentimothy,data_engineer,enrollments,write,2025-01-03 07:20:52.683366
lpeters,analyst,courses,write,2025-03-02 19:41:35.215214
kevin88,data_engineer,enrollments,delete,2025-02-07 01:09:41.817072
twillis,data_engineer,consent_logs,read,2024-12-22 22:13:43.634456
smccarty,admin,grades,delete,2025-06-23 11:39:01.915530
rodneynolan,data_engineer,students,read,2025-04-10 20:09:46.776993
dawn20,data_engineer,consent_logs,write,2024-08-13 02:43:43.383945
samantharoberts,analyst,enrollments,write,2025-06-08 14:21:32.792465
foxlinda,analyst,grades,delete,2024-08-28 20:51:37.404259
mclaughlinjames,analyst,enrollments,write,2024-07-19 16:59:31.565334
catherinejohns,analyst,courses,delete,2025-02-17 08:42:02.642699
claire06,data_engineer,grades,delete,2025-03-23 09:13:07.138558
stonerobert,analyst,grades,read,2024-12-22 12:39:37.732816
jenniferford,analyst,enrollments,write,2024-07-05 13:50:35.172493
katiepowell,data_engineer,grades,read,2025-03-11 15:34:36.894379
lthompson,admin,consent_logs,write,2025-05-21 09:22:21.570282
qmarshall,admin,consent_logs,read,2025-03-26 11:59:30.739084
anna47,data_engineer,enrollments,delete,2024-08-15 06:42:37.387798
michellemcmahon,analyst,consent_logs,write,2024-10-23 14:10:03.358538
dixonkimberly,data_engineer,consent_logs,read,2025-02-26 08:39:25.156242
qreyes,data_engineer,grades,delete,2025-01-14 23:57:53.984695
longandrea,analyst,enrollments,delete,2024-09-01 01:48:41.193793
phorne,data_engineer,courses,write,2024-12-14 22:38:10.386261
bryantjason,analyst,grades,delete,2024-12-05 11:49:46.016236
sararios,data_engineer,grades,write,2025-06-14 18:39:00.193289
nguyengerald,data_engineer,students,delete,2025-01-23 08:14:51.943805
joycekeith,admin,enrollments,read,2025-06-10 15:47:15.436785
qlloyd,data_engineer,grades,read,2025-05-04 14:17:11.035570
bowmanjoel,admin,enrollments,delete,2025-01-13 20:25:59.399258
peggynguyen,analyst,students,delete,2024-11-06 13:31:42.780039
kristinafoley,admin,enrollments,write,2025-01-10 00:25:59.726099
angela44,data_engineer,consent_logs,delete,2024-11-26 08:29:04.525179
dhardy,admin,consent_logs,read,2025-03-22 22:51:42.380316
zrobinson,analyst,grades,write,2024-11-17 07:08:59.630313
sheriduncan,analyst,students,write,2024-09-30 01:41:06.038061
becky79,analyst,students,write,2025-03-15 01:18:38.141308
whitesean,analyst,students,write,2025-04-24 00:05:35.624277
ksmith,analyst,consent_logs,delete,2024-08-29 09:37:44.636394
martinmark,analyst,students,read,2025-02-25 05:48:04.551968
fwolf,data_engineer,consent_logs,delete,2025-03-16 06:00:26.324055
tracywoodard,admin,grades,write,2024-10-24 02:48:44.872622
davidjohnson,analyst,grades,delete,2025-02-28 08:18:40.138075
taylormichael,analyst,grades,read,2025-03-20 01:30:30.354540
kelleyglen,analyst,courses,read,2025-05-15 08:54:41.588726
kathleen79,admin,consent_logs,write,2025-04-18 21:03:18.723215
gstone,analyst,enrollments,read,2025-05-08 03:48:05.110257
nbailey,analyst,grades,delete,2025-03-06 22:57:44.874747
elizabeth52,admin,grades,delete,2024-09-21 05:11:05.277312
zglass,data_engineer,students,read,2025-04-28 17:55:12.743586
harrisjoshua,admin,grades,delete,2024-10-15 01:39:22.298300
kbrewer,analyst,courses,write,2025-05-05 01:50:28.043437
daniel15,admin,consent_logs,read,2025-04-27 18:30:44.569212
stephaniewiggins,data_engineer,students,read,2025-01-21 02:29:47.696560
johnsonedward,data_engineer,students,write,2025-01-23 12:59:04.252208
elizabeth14,admin,courses,read,2024-09-07 08:28:06.502378
desiree83,admin,consent_logs,delete,2024-07-17 10:24:29.481446
rhondaray,admin,consent_logs,write,2025-06-24 02:41:13.739233
clarkbrittney,data_engineer,consent_logs,read,2024-07-30 16:05:04.058662
thomasbrandon,analyst,courses,read,2024-08-20 20:31:13.486790
darrellmoore,analyst,courses,delete,2025-05-09 07:02:38.841995
wortiz,admin,consent_logs,delete,2025-02-22 20:29:35.721388
wilsonkelsey,analyst,courses,read,2025-02-27 16:40:56.957206
rodriguezrichard,data_engineer,courses,delete,2024-08-13 00:40:36.637908
bobbywilliamson,data_engineer,courses,delete,2024-07-08 09:16:08.680656
jenniferstanley,admin,enrollments,delete,2025-05-30 18:28:07.497586
mrandolph,data_engineer,consent_logs,write,2025-05-30 18:03:03.247445
benjaminarmstrong,analyst,enrollments,write,2024-12-01 07:27:49.048803
jared02,analyst,grades,write,2024-12-10 00:55:07.770893
kimberly12,data_engineer,consent_logs,delete,2025-04-01 21:41:10.129711
gregory14,data_engineer,courses,read,2024-07-05 00:33:16.649700
igarrett,admin,courses,read,2025-05-29 10:53:50.729842
raymark,data_engineer,consent_logs,write,2024-08-14 21:39:38.484782
nicholas09,data_engineer,grades,read,2024-09-05 11:00:45.815288
virginia56,admin,courses,delete,2025-04-29 09:37:30.117896
cochranjill,data_engineer,students,write,2024-06-27 04:19:27.639922
jennifercarroll,data_engineer,consent_logs,read,2024-10-30 19:46:09.910250
xcolon,admin,students,read,2024-08-01 05:14:27.812701
rwilson,admin,enrollments,delete,2024-09-04 09:36:51.487054
andrea85,data_engineer,enrollments,delete,2024-11-15 05:04:14.327555
jasonjohnson,data_engineer,students,delete,2025-06-05 14:33:47.444404
anthonybranch,data_engineer,consent_logs,read,2025-06-01 11:16:10.702247
nmartinez,analyst,grades,write,2024-08-24 21:08:16.286322
angelaramirez,admin,grades,write,2024-08-26 11:41:22.000573
ramosjennifer,admin,grades,delete,2024-07-27 21:51:12.876321
batkins,analyst,grades,write,2024-11-24 07:58:21.557220
davidcampbell,analyst,courses,delete,2025-02-19 04:03:34.262892
petersonjose,analyst,courses,delete,2025-05-08 07:35:21.977187
walkerjennifer,data_engineer,grades,write,2024-10-08 23:43:34.111476
briansmith,data_engineer,enrollments,write,2024-11-06 09:05:50.207422
kfrye,admin,enrollments,write,2025-05-26 15:12:15.913506
yrichardson,analyst,enrollments,delete,2024-10-17 07:36:59.229457
woodbrittany,data_engineer,courses,write,2025-04-07 00:35:03.483959
nathan62,data_engineer,consent_logs,write,2025-06-07 03:53:00.058465
timothy12,data_engineer,students,write,2025-04-28 08:24:57.460525
steven01,admin,courses,write,2024-07-12 20:15:57.846358
hammondlaura,analyst,grades,write,2024-12-31 12:41:38.912353
clarklinda,data_engineer,students,delete,2025-03-22 19:04:33.892580
gspencer,admin,grades,delete,2024-12-07 20:10:15.800021
kathryn17,analyst,enrollments,write,2024-08-24 20:26:27.350384
stephenszachary,data_engineer,students,write,2025-04-19 10:13:58.969925
seth29,data_engineer,courses,write,2024-07-07 20:41:15.092205
mccannjanet,analyst,consent_logs,delete,2024-12-13 00:01:38.652331
williamortiz,admin,grades,delete,2024-08-02 20:40:22.161342
murrayjermaine,analyst,courses,write,2024-07-25 20:11:11.983269
hesskeith,admin,students,read,2025-06-16 00:00:25.153636
travis36,admin,enrollments,delete,2024-08-29 15:19:38.431192
angelcunningham,data_engineer,consent_logs,write,2024-09-01 02:27:16.059136
sean69,admin,courses,delete,2024-09-27 09:53:38.979690
harrisanna,analyst,courses,read,2024-10-26 15:10:22.625401
catherinemoore,data_engineer,consent_logs,delete,2025-04-18 12:34:50.065647
bweeks,data_engineer,students,read,2025-05-17 15:49:45.311707
fmorrow,admin,enrollments,write,2024-11-02 17:51:04.773530
warrenmariah,analyst,enrollments,write,2025-03-09 04:56:20.050522
dsmith,data_engineer,students,write,2025-06-19 14:22:50.945377
gperry,admin,students,write,2024-10-18 04:08:43.793974
courtney01,analyst,courses,read,2025-04-13 03:10:28.908615
griffintodd,admin,consent_logs,write,2024-12-14 10:14:33.585539
benjamin49,analyst,grades,delete,2024-09-20 21:47:15.076133
hooveranna,admin,courses,read,2025-03-09 08:56:29.841213
audrey53,data_engineer,consent_logs,delete,2025-02-25 14:28:19.280801
stewartgeorge,analyst,enrollments,delete,2024-09-28 01:19:51.495744
mortonkenneth,analyst,enrollments,delete,2025-04-25 22:13:04.363059
znoble,admin,grades,read,2025-04-08 19:56:08.458455
pfowler,analyst,enrollments,write,2024-07-20 12:18:13.033851
rgarza,data_engineer,grades,read,2024-08-09 15:48:59.958996
jreyes,data_engineer,courses,read,2025-03-27 14:59:30.591997
jenkinspatrick,data_engineer,enrollments,write,2024-08-02 02:21:18.682147
toddcisneros,admin,enrollments,write,2024-12-20 21:04:13.072071
john25,analyst,students,read,2024-12-03 07:11:40.243011
jillianrasmussen,admin,courses,write,2025-02-26 08:11:41.204789
brandi19,data_engineer,courses,read,2024-12-06 15:36:50.482411
joneslynn,analyst,students,delete,2024-10-01 04:38:47.873269
qcharles,data_engineer,students,delete,2024-08-16 16:53:46.896755
tannerrobertson,data_engineer,students,delete,2025-04-22 03:46:46.371612
danieljenkins,data_engineer,consent_logs,write,2025-04-29 21:44:01.887170
mccoydonna,data_engineer,consent_logs,write,2024-09-29 12:07:45.178952
younggabrielle,analyst,students,delete,2025-03-27 23:55:24.192216
hlester,admin,consent_logs,read,2024-07-27 05:26:13.540059
uestes,analyst,students,delete,2025-04-28 04:07:17.108415
sarah80,admin,consent_logs,read,2025-04-20 12:22:43.217304
wallersarah,analyst,courses,delete,2025-05-19 07:30:45.291643
amanda21,analyst,grades,read,2024-12-08 13:24:02.822632
alejandra39,analyst,courses,write,2025-06-20 16:58:08.357794
samuel08,data_engineer,courses,delete,2024-08-28 18:14:25.808987
greenbrandon,admin,enrollments,read,2024-12-16 23:09:21.862200
lestrada,admin,consent_logs,write,2025-04-30 07:18:00.511178
telliott,data_engineer,consent_logs,delete,2025-01-30 07:04:49.770759
duranelizabeth,analyst,courses,read,2025-06-02 22:00:43.977157
lcraig,data_engineer,consent_logs,write,2024-10-03 11:53:31.003297
carolhenderson,admin,consent_logs,write,2025-05-22 20:05:05.763258
stevengoodwin,admin,students,read,2025-01-24 01:19:22.080030
dbeck,data_engineer,courses,read,2024-10-02 07:07:32.807395
jerome14,data_engineer,grades,delete,2025-05-23 04:03:38.902322
tylerrodney,analyst,enrollments,delete,2024-11-03 05:54:56.540396
snyderandrea,data_engineer,grades,delete,2024-09-25 08:22:30.658081
zmitchell,data_engineer,consent_logs,read,2025-03-06 02:01:10.651761
mathewbennett,admin,grades,read,2024-08-04 19:30:12.217893
zcarpenter,data_engineer,grades,read,2025-02-22 06:53:30.586902
owhite,admin,consent_logs,delete,2024-07-13 05:25:02.378518
smiles,admin,grades,delete,2025-04-27 17:39:28.484919
preyes,data_engineer,students,write,2025-03-16 19:56:51.400891
cjohnson,data_engineer,grades,delete,2024-12-30 14:56:02.301093
calvinsmith,admin,grades,write,2025-01-17 13:37:04.456615
cruzernest,admin,courses,write,2025-06-02 15:36:13.735896
margaretrussell,admin,grades,write,2025-01-10 21:57:46.268129
aaronponce,admin,grades,write,2025-06-12 09:58:09.972784
josephross,admin,courses,read,2025-03-08 04:29:14.886684
christinabeard,data_engineer,grades,write,2024-08-15 22:25:30.673180
randall28,admin,courses,write,2024-12-06 07:46:49.444983
colemancindy,data_engineer,grades,read,2024-07-19 21:19:32.914232
charles19,data_engineer,consent_logs,read,2025-05-20 00:08:01.256092
michaelcampos,admin,grades,delete,2025-01-31 18:13:41.971714
yolandamarks,analyst,consent_logs,read,2025-03-14 18:40:57.553977
hallthomas,admin,grades,read,2024-11-22 14:41:52.160595
petersontina,data_engineer,consent_logs,write,2024-07-12 17:20:57.651021
manuel81,analyst,enrollments,write,2024-11-20 01:07:31.242249
kentmichael,admin,grades,read,2025-06-10 22:51:19.262366
tyler41,analyst,enrollments,write,2025-02-06 19:38:54.197225
cstewart,data_engineer,consent_logs,read,2025-05-11 14:21:53.973061
joshua96,data_engineer,students,read,2024-11-20 13:53:32.074550
harrisonjoy,data_engineer,courses,write,2025-05-20 04:39:23.781193
bartondavid,admin,enrollments,write,2024-09-29 05:07:11.706271
paynestephanie,data_engineer,students,write,2025-03-20 03:59:10.705674
jmurray,analyst,enrollments,read,2024-08-18 20:33:29.786279
christopher46,analyst,students,delete,2025-01-01 13:08:17.125599
cobbmary,analyst,courses,write,2025-02-09 02:35:28.613428
qsims,admin,enrollments,delete,2025-01-12 02:50:57.107373
hollyperkins,analyst,enrollments,read,2025-03-08 02:39:34.252268
gcollins,admin,grades,read,2024-11-12 22:40:02.756632
haley15,analyst,students,read,2024-10-29 00:20:44.678376
tiffany01,analyst,grades,read,2024-08-11 01:28:02.728180
jenniferfrazier,analyst,courses,read,2024-07-18 03:03:29.540235
pvang,admin,consent_logs,read,2025-03-08 07:08:38.565681
csmall,analyst,enrollments,write,2024-11-02 00:33:32.997983
wellsroberto,analyst,courses,read,2025-03-19 16:41:41.983687
marissamedina,data_engineer,grades,read,2025-04-04 10:27:11.411330
uclark,analyst,grades,delete,2024-09-25 12:14:38.279827
craigriley,analyst,grades,write,2024-10-24 09:37:26.821634
grayadrian,admin,grades,read,2024-07-05 18:38:42.326357
lindsay48,data_engineer,grades,write,2025-06-16 11:27:01.956584
harold46,data_engineer,enrollments,write,2025-06-26 11:19:40.188217
kristen89,analyst,enrollments,read,2024-12-02 13:47:18.359339
ujenkins,admin,enrollments,read,2025-04-10 23:14:00.284497
evan45,data_engineer,students,delete,2024-11-28 10:35:00.306340
tracy75,admin,courses,read,2025-01-09 01:14:33.251312
duncankimberly,analyst,courses,delete,2024-10-17 09:54:49.469046
tami38,analyst,consent_logs,read,2025-04-16 20:14:44.228837
colemanjohn,admin,students,read,2025-04-08 10:20:03.998945
lauren62,data_engineer,grades,read,2025-05-04 17:58:28.988203
kayleerogers,data_engineer,students,read,2024-10-10 08:27:47.424778
sandersmatthew,data_engineer,courses,write,2025-02-03 21:10:34.681950
sarasmith,analyst,courses,read,2025-06-02 02:26:09.722145
lmartin,analyst,students,write,2024-08-08 23:28:49.302034
kellyrichmond,data_engineer,courses,write,2025-04-14 06:14:52.095245
ebrandt,admin,enrollments,delete,2025-03-07 04:29:06.264531
icollins,analyst,enrollments,delete,2025-04-01 16:51:17.077861
pricedale,analyst,students,write,2024-08-30 07:57:18.064787
davisrenee,data_engineer,consent_logs,read,2025-05-03 20:02:53.461257
amanda86,admin,grades,delete,2025-06-24 13:09:46.485115
hodgestiffany,admin,grades,read,2024-07-02 05:05:54.102373
zchapman,analyst,students,delete,2024-12-19 11:34:33.648149
ifrey,admin,courses,write,2024-09-06 06:33:34.665780
thompsoncaitlin,analyst,students,read,2025-06-05 16:48:23.275578
agalvan,admin,enrollments,read,2025-06-01 18:17:00.456140
sean64,analyst,enrollments,write,2025-05-04 04:25:08.670079
ujones,analyst,courses,delete,2024-08-06 05:40:46.810499
brianrice,analyst,consent_logs,delete,2024-09-18 07:09:40.973330
bpeterson,analyst,enrollments,read,2024-10-30 23:58:51.499429
idelacruz,data_engineer,courses,write,2024-07-14 07:04:00.798249
terri25,analyst,grades,delete,2025-06-20 21:44:48.933191
kylemartinez,analyst,students,delete,2025-01-16 08:19:51.470384
wesleyjohns,data_engineer,students,read,2024-11-05 22:57:00.207621
brandon64,admin,students,read,2024-10-16 07:27:21.126970
justin75,analyst,students,read,2025-03-23 22:06:49.180257
meganjones,admin,courses,write,2024-08-16 20:12:07.509219
ericmarquez,admin,consent_logs,write,2024-12-07 03:43:23.688496
nfleming,data_engineer,enrollments,read,2025-03-21 14:38:48.136168
hayesrachel,analyst,consent_logs,write,2024-11-19 03:31:25.549535
johncarter,data_engineer,grades,write,2025-02-16 00:51:41.396993
tracyjohnson,analyst,enrollments,delete,2025-05-09 14:44:55.511383
ecohen,data_engineer,students,delete,2025-05-20 14:51:21.509866
jennifer80,data_engineer,consent_logs,write,2025-04-15 08:34:55.428482
lawsonpaul,data_engineer,grades,write,2024-09-24 22:05:17.453775
scottjennifer,data_engineer,courses,delete,2024-09-05 17:13:08.732315
ylynch,data_engineer,students,delete,2025-06-19 05:56:54.639175
jennifer82,data_engineer,consent_logs,write,2024-10-02 03:53:24.121531
markperez,admin,enrollments,write,2024-10-16 08:09:44.696317
hodgemichelle,analyst,students,delete,2025-04-10 11:29:56.333227
robertsonjennifer,admin,students,read,2024-11-18 11:42:06.975438
gwagner,data_engineer,students,read,2025-05-23 06:31:41.179764
lreed,analyst,enrollments,read,2024-10-06 13:51:27.511382
sabrina54,data_engineer,enrollments,write,2024-09-30 09:07:57.858952
petersenjason,data_engineer,consent_logs,read,2025-01-08 03:52:26.112722
haley79,analyst,grades,write,2025-02-08 00:14:15.316158
jbush,analyst,grades,read,2024-08-04 20:46:04.119362
john91,analyst,grades,read,2024-08-19 10:47:18.140404
ghorne,admin,enrollments,delete,2025-02-23 04:16:27.469449
klara,analyst,grades,delete,2025-01-24 07:18:58.318972
nicoleduran,analyst,consent_logs,read,2025-01-31 10:52:05.907596
victoria57,analyst,enrollments,delete,2025-01-24 02:53:36.328360
marygarcia,admin,consent_logs,read,2025-04-29 10:29:53.538575
jonhall,data_engineer,grades,read,2025-04-18 15:43:00.376194
lpage,analyst,grades,delete,2024-10-02 12:57:22.809678
mariewong,analyst,consent_logs,read,2025-01-29 02:15:47.195623
adrienneallen,analyst,grades,delete,2025-04-12 03:01:42.286377
theresagalloway,analyst,courses,read,2025-02-22 14:46:45.988762
kjohnson,data_engineer,students,write,2025-06-06 09:44:58.838405
tonyaholmes,data_engineer,courses,delete,2024-12-31 17:05:06.184931
josephangela,data_engineer,courses,write,2024-09-12 04:37:44.696306
davidvelasquez,data_engineer,grades,delete,2024-07-02 04:07:25.719396
gregorysmith,data_engineer,students,read,2024-07-19 18:00:06.121466
ymurray,data_engineer,consent_logs,delete,2024-08-07 14:10:15.171606
romerocrystal,data_engineer,grades,delete,2025-02-26 23:27:38.225343
hespinoza,analyst,consent_logs,read,2024-06-30 19:42:05.285393
meyersjaime,admin,courses,read,2024-11-13 21:03:02.238070
robertssamantha,admin,courses,read,2024-09-20 15:28:28.846294
sarah31,admin,courses,read,2025-01-28 02:04:02.372872
hartmanjoshua,analyst,courses,write,2025-04-08 17:24:56.306372
jamesparker,analyst,grades,read,2025-05-09 03:44:43.437215
marilyn10,data_engineer,students,read,2024-06-28 01:29:00.380533
bryantkaren,data_engineer,grades,write,2025-05-27 06:55:08.918597
woodlisa,admin,consent_logs,delete,2025-06-06 07:37:08.989391
ekim,admin,grades,write,2024-10-25 18:31:38.181965
grahamteresa,admin,enrollments,write,2025-02-25 20:53:27.514502
eadams,admin,students,delete,2024-07-01 11:48:41.199211
thendricks,data_engineer,consent_logs,read,2025-05-09 13:49:07.284061
padillapatricia,analyst,consent_logs,write,2025-06-06 00:03:38.754423
aaron78,admin,courses,write,2024-10-23 00:59:26.343535
lmendez,admin,consent_logs,delete,2024-10-02 22:17:29.031255
nwilliams,analyst,courses,read,2024-07-02 05:21:52.966321
russellkelley,admin,enrollments,write,2024-10-12 04:23:07.287695
nicholasswanson,admin,courses,write,2025-01-18 22:39:08.314689
mmoore,admin,courses,write,2024-12-11 09:57:59.322359
riceamber,analyst,grades,delete,2025-01-16 13:02:48.459002
kennedywanda,analyst,courses,write,2025-02-22 22:30:03.070105
eharrington,admin,consent_logs,read,2024-11-06 16:57:55.131608
leah62,admin,consent_logs,delete,2024-11-06 07:38:49.819917
hudsonpenny,data_engineer,grades,delete,2024-07-05 06:22:36.513475
davidharding,data_engineer,courses,write,2024-08-14 04:42:53.001161
shawn89,admin,students,write,2025-01-16 22:08:36.186321
omarturner,analyst,enrollments,write,2024-07-25 10:59:51.769035
juareztina,analyst,consent_logs,write,2025-01-21 12:20:43.065495
shelleybowers,data_engineer,enrollments,write,2024-11-05 15:44:32.226624
teresa17,admin,students,read,2024-12-21 11:24:55.826924
janice27,analyst,courses,read,2024-10-13 03:08:52.699427
kristendavis,analyst,courses,read,2025-02-27 12:37:12.437928
juanfranklin,analyst,courses,delete,2025-01-29 00:45:10.832373
ryanthompson,data_engineer,students,delete,2024-08-17 04:42:04.015160
lcook,data_engineer,consent_logs,delete,2024-07-23 22:05:01.122077
shepherdnicole,analyst,courses,delete,2025-05-26 08:14:52.324271
jennifer54,analyst,courses,read,2025-05-27 09:05:51.906420
morrowmichael,analyst,students,delete,2024-10-11 23:32:28.455910
cbass,analyst,students,delete,2024-10-21 05:25:11.600886
aaronlane,admin,students,read,2024-08-11 20:51:17.203644
tyler09,data_engineer,consent_logs,delete,2024-07-03 07:48:52.966486
brownreginald,analyst,consent_logs,write,2025-05-30 16:48:15.372223
robert07,data_engineer,students,write,2024-08-28 10:22:08.957886
joshualin,analyst,courses,write,2025-06-24 00:03:59.640770
samanthacarr,analyst,consent_logs,read,2025-05-16 20:26:10.982663
adam17,data_engineer,courses,delete,2025-01-02 17:10:48.838596
eugenegreen,admin,grades,delete,2024-12-09 01:04:55.975415
taylorrobert,admin,students,delete,2024-11-15 23:37:50.213289
adam10,data_engineer,students,write,2025-04-09 22:00:59.859107
davisautumn,data_engineer,students,delete,2025-06-17 17:41:26.878793
meganblackwell,data_engineer,enrollments,write,2024-08-05 14:46:27.004506
edwardsronald,analyst,enrollments,write,2025-03-26 18:10:16.217983
manningjeremy,admin,enrollments,write,2025-04-21 02:35:35.520270
kbrown,admin,enrollments,write,2024-08-15 11:04:21.213844
johnsonchad,analyst,enrollments,read,2024-11-30 20:24:49.116744
erin07,admin,consent_logs,delete,2024-09-28 09:15:18.660331
wileyaudrey,analyst,enrollments,delete,2024-10-18 18:40:16.084926
holly32,data_engineer,enrollments,read,2025-04-13 23:44:00.946734
jgutierrez,data_engineer,students,write,2025-01-22 01:00:32.492594
mcooper,data_engineer,consent_logs,delete,2024-09-28 15:05:08.729365
amiranda,analyst,grades,write,2025-04-28 04:34:40.850300
chunglaura,data_engineer,students,delete,2024-12-31 16:57:58.979512
tiffanyharris,admin,courses,write,2024-10-18 06:21:58.407248
lewiskaylee,analyst,courses,delete,2025-04-05 05:19:56.751194
scottbrandon,admin,courses,read,2024-11-02 05:14:23.212191
lwalker,data_engineer,courses,write,2024-07-21 19:52:43.221454
jason57,data_engineer,courses,write,2024-09-28 05:49:05.120517
matthewhull,admin,grades,write,2024-11-27 09:02:29.649610
sullivanjoshua,admin,students,read,2025-01-12 00:42:05.790895
mcgeeseth,analyst,enrollments,delete,2025-01-27 14:15:47.279867
veronicadavies,analyst,consent_logs,write,2025-05-18 03:44:38.677957
amyponce,analyst,consent_logs,read,2024-10-20 20:17:42.454093
patrickjarvis,data_engineer,consent_logs,delete,2025-05-24 06:38:27.552011
richard28,admin,grades,read,2024-07-14 01:16:26.683310
brian74,admin,consent_logs,delete,2025-03-11 02:36:51.766373
nward,data_engineer,enrollments,read,2024-10-27 06:57:31.140344
diazrandy,analyst,enrollments,delete,2024-09-09 23:08:52.525237
jessicasmith,data_engineer,courses,read,2024-07-09 03:39:01.397083
rachel51,data_engineer,students,delete,2024-07-12 06:04:45.463059
jessica91,data_engineer,consent_logs,delete,2025-05-17 14:29:07.997391
tapiawendy,admin,enrollments,read,2024-12-12 17:24:13.820623
rdavis,data_engineer,students,read,2024-07-03 16:53:07.571082
linda76,analyst,grades,delete,2024-07-16 10:41:41.228764
garyjohnson,data_engineer,students,write,2025-03-15 15:17:58.554407
samantha54,admin,grades,read,2025-03-08 21:32:05.439669
flemingwhitney,admin,courses,delete,2025-05-18 21:02:22.047394
iansantana,admin,grades,read,2025-04-09 10:01:42.539500
monica00,data_engineer,grades,read,2024-08-23 09:40:43.432552
smalone,analyst,courses,write,2025-05-28 08:59:04.860808
floresmatthew,data_engineer,consent_logs,delete,2025-05-07 20:47:39.549484
rebeccareed,analyst,grades,write,2025-04-14 04:06:23.629577
scott95,admin,consent_logs,delete,2024-07-08 09:54:40.574351
bradley71,data_engineer,consent_logs,write,2025-04-02 03:09:49.698854
meganford,analyst,enrollments,delete,2025-01-13 21:11:00.859970
jeanette95,data_engineer,enrollments,write,2025-02-16 21:52:42.985145
elizabethcalderon,data_engineer,enrollments,read,2024-07-14 07:30:44.183252
rroberts,data_engineer,consent_logs,write,2025-02-08 22:08:55.089720
kendra03,admin,grades,write,2025-03-05 18:07:15.803015
smithmichael,analyst,grades,delete,2025-06-04 05:02:03.579555
rosshunter,analyst,grades,read,2025-03-08 22:23:09.478924
caleb84,analyst,courses,delete,2025-02-10 16:24:07.949710
mosesveronica,data_engineer,students,delete,2024-10-27 17:53:28.508147
susanhoward,admin,enrollments,delete,2025-03-31 07:09:42.008539
reginaparks,analyst,consent_logs,read,2024-10-29 01:56:47.502888
wardchad,data_engineer,enrollments,delete,2024-07-18 09:31:00.529388
khudson,admin,courses,delete,2024-07-01 11:52:00.281134
sandersroy,data_engineer,courses,delete,2025-05-26 13:27:24.007113
jonespaul,data_engineer,students,read,2024-12-04 03:41:39.464345
bradley37,admin,consent_logs,write,2024-12-26 16:43:49.083974
jenniferhuber,analyst,students,write,2025-02-23 14:17:01.568996
kristopher53,data_engineer,grades,read,2024-07-04 05:17:07.368320
yhenry,analyst,enrollments,read,2025-03-30 20:37:17.835129
matthewsmith,analyst,enrollments,delete,2024-08-24 09:58:20.890224
maria17,data_engineer,students,delete,2024-09-12 08:21:30.247532
iedwards,analyst,courses,write,2025-05-21 00:32:22.140270
justinstevens,analyst,grades,write,2024-09-27 18:45:07.454873
burtondoris,admin,courses,write,2025-01-21 21:29:01.045647
jefferywalker,analyst,enrollments,write,2024-10-25 15:13:06.696474
jonesjo,admin,consent_logs,delete,2024-07-08 09:32:24.911657
daypatricia,data_engineer,grades,delete,2025-04-29 03:21:01.791101
kellyadam,analyst,consent_logs,write,2025-04-01 21:12:25.594742
pdixon,admin,consent_logs,read,2024-07-01 19:43:23.680233
davisphilip,analyst,enrollments,delete,2024-09-15 01:27:57.348002
christinasmith,admin,students,delete,2025-05-20 02:58:56.762690
susan75,admin,consent_logs,write,2025-03-29 04:57:01.797153
kmorris,analyst,grades,delete,2025-05-07 02:12:42.102301
jacksonjillian,admin,grades,delete,2025-04-04 08:28:08.321009
gary03,admin,grades,read,2025-06-09 21:27:39.238945
robertbrock,analyst,courses,delete,2024-08-31 04:08:46.650291
dyerdonald,admin,enrollments,read,2024-11-08 21:12:21.678533
chrismurray,admin,courses,delete,2024-12-12 23:15:20.475885
nealdavid,analyst,courses,write,2025-05-24 02:56:02.794141
davismax,data_engineer,courses,read,2024-08-24 22:26:31.258185
whiteryan,data_engineer,grades,read,2025-06-11 10:08:11.294230
hollandcathy,data_engineer,enrollments,read,2025-02-22 21:06:38.280338
gomezrenee,analyst,courses,write,2025-04-09 16:32:22.037111
rsharp,data_engineer,students,read,2024-11-07 10:07:34.103716
hamiltonkendra,data_engineer,courses,read,2024-12-27 11:49:52.796438
amandacook,admin,enrollments,delete,2025-01-13 19:55:34.884407
ashley77,analyst,students,write,2024-08-26 21:34:24.011196
jameszachary,data_engineer,students,delete,2025-03-12 14:55:13.458922
sally78,data_engineer,students,delete,2025-04-02 08:26:55.606991
carloswerner,admin,consent_logs,read,2025-02-04 00:49:33.104337
williamperkins,analyst,enrollments,read,2025-05-21 03:47:21.461236
martin40,admin,students,delete,2025-02-21 19:43:07.511155
garywebster,admin,students,write,2024-08-25 02:02:39.028671
thompsonjason,data_engineer,enrollments,read,2024-10-12 07:24:16.931650
colleenroberson,analyst,consent_logs,write,2024-09-18 05:40:44.639378
briandavis,admin,grades,read,2024-10-06 12:53:51.125816
diana28,analyst,consent_logs,write,2025-03-26 20:17:05.096116
fisherstephanie,admin,consent_logs,read,2024-11-05 04:17:59.018912
jacquelinenunez,data_engineer,students,delete,2025-03-22 10:37:40.422913
andersoncynthia,admin,consent_logs,write,2025-06-19 04:19:26.321620
sharon23,analyst,grades,write,2025-05-04 01:12:23.541175
jenniferjimenez,analyst,grades,delete,2025-05-03 08:38:58.530194
heathergarcia,admin,courses,read,2024-11-09 22:30:36.990030
blakefrank,analyst,students,delete,2024-08-13 10:40:20.575847
butlerolivia,admin,enrollments,write,2024-11-22 10:32:18.412000
rgonzalez,admin,enrollments,delete,2025-06-21 06:09:47.053753
cooperlaura,admin,consent_logs,delete,2024-09-19 00:42:23.524264
wbryant,admin,students,write,2024-11-19 01:14:30.628988
carrjeffrey,admin,consent_logs,read,2025-04-03 04:45:40.743275
pearsonvicki,analyst,enrollments,write,2024-07-29 11:25:01.488729
harrisonnicholas,analyst,consent_logs,write,2025-02-03 20:06:34.695377
brandisosa,data_engineer,students,delete,2024-09-14 09:54:46.663824
bakermegan,analyst,students,write,2025-03-24 16:34:44.561804
carl66,admin,enrollments,read,2024-08-24 23:18:58.033206
solisjames,admin,courses,read,2024-08-09 00:22:01.529611
dsmith,data_engineer,students,write,2024-11-07 17:34:50.442093
tanya66,admin,courses,delete,2024-12-11 22:09:42.338612
reyesjackie,analyst,consent_logs,read,2025-06-01 08:25:56.580958
hudsonlinda,analyst,students,delete,2024-11-05 23:08:22.411934
turnerjustin,analyst,enrollments,delete,2025-04-01 10:21:06.922215
kevin07,analyst,consent_logs,delete,2025-06-14 07:11:07.047000
rpetty,analyst,consent_logs,write,2024-10-16 13:17:53.182752
jenniferbradley,analyst,grades,write,2024-10-30 07:04:08.283329
deborah62,data_engineer,grades,write,2024-12-09 09:46:20.499136
meghancruz,admin,enrollments,delete,2024-12-02 04:25:31.529495
davistanya,data_engineer,courses,write,2024-09-28 03:07:32.155781
vwade,data_engineer,students,write,2024-10-30 04:43:35.126547
joseph21,admin,courses,read,2025-03-01 18:59:55.599997
fergusontrevor,data_engineer,consent_logs,write,2025-06-21 23:24:34.788271
singhsarah,analyst,courses,write,2024-08-19 14:36:16.227868
jennifersolomon,data_engineer,enrollments,delete,2025-03-13 11:50:09.602684
mbaker,analyst,students,delete,2025-01-17 03:44:03.411315
paigecortez,admin,grades,read,2025-06-13 05:42:22.781844
stacey25,data_engineer,consent_logs,delete,2025-02-25 05:42:46.476816
amanda33,analyst,consent_logs,read,2024-09-29 23:05:28.895860
stacyjohnson,analyst,enrollments,delete,2025-03-05 13:41:38.310295
millermary,admin,consent_logs,read,2025-05-02 13:49:46.265051
xsullivan,admin,enrollments,write,2025-06-19 17:08:32.226750
mitchell76,admin,enrollments,delete,2025-05-27 08:07:53.496307
victor76,admin,courses,delete,2025-01-27 01:28:10.444253
jennifer53,analyst,consent_logs,read,2024-11-05 09:28:51.098344
samuelelliott,analyst,enrollments,delete,2025-06-23 17:28:52.113317
phillip98,analyst,students,read,2024-11-13 08:42:26.292491
jordanrebecca,admin,courses,read,2024-08-11 22:07:21.095554
matthewwood,admin,enrollments,read,2025-01-08 07:26:04.829809
armstrongsara,analyst,grades,write,2025-06-03 21:39:38.650352
william52,admin,consent_logs,delete,2025-03-31 11:07:45.458444
marcuscase,analyst,students,read,2025-01-23 00:04:57.135700
cturner,data_engineer,grades,delete,2024-09-01 02:26:12.757422
alexanderberg,admin,enrollments,read,2024-10-05 14:27:02.848073
micheallove,admin,enrollments,read,2025-06-22 07:54:59.006360
hunter14,data_engineer,grades,write,2024-07-15 22:54:40.261567
debra93,data_engineer,students,read,2024-09-25 05:45:10.660106
shelleyvelasquez,admin,consent_logs,read,2024-10-14 15:57:37.338394
olivia30,analyst,enrollments,write,2024-12-09 02:40:14.543582
xrobinson,analyst,consent_logs,delete,2024-12-10 23:18:39.544513
woodwarderin,analyst,enrollments,read,2024-07-03 07:54:13.451206
simpsonalyssa,analyst,enrollments,write,2024-11-03 20:26:51.848243
douglasmartinez,analyst,students,write,2024-11-08 06:26:50.957527
jdavis,data_engineer,courses,write,2024-10-07 07:21:52.017421
jasonochoa,admin,courses,write,2025-02-22 00:50:47.452284
ryanbullock,analyst,students,delete,2025-04-14 00:16:28.622601
joseph70,analyst,courses,read,2024-08-06 19:00:41.176415
dawnmartin,analyst,courses,read,2025-02-18 10:37:11.468529
holtrobert,analyst,grades,read,2024-10-29 10:26:42.379501
jeffreywallace,analyst,students,read,2024-12-09 04:05:00.470840
uross,admin,courses,read,2024-11-22 06:51:13.151680
taylorrodriguez,admin,consent_logs,write,2025-05-25 11:19:51.293002
buckleycrystal,admin,enrollments,delete,2024-11-04 03:49:44.399445
lisarandolph,analyst,courses,write,2024-07-19 16:41:45.525454
mark80,analyst,enrollments,write,2024-07-10 00:16:10.455144
timothyfleming,analyst,enrollments,read,2025-03-20 04:00:28.323386
parkerluis,admin,courses,read,2025-02-23 17:24:06.630797
davidjohnson,admin,consent_logs,write,2024-10-14 17:04:09.008602
hammondjeff,admin,grades,delete,2024-11-19 02:13:36.090408
snyderfrank,admin,courses,write,2024-07-09 13:00:44.725660
gonzalezcindy,admin,students,read,2024-11-01 22:50:08.426695
aprilmyers,admin,courses,read,2025-05-23 19:30:43.100634
burkejacob,admin,students,read,2025-03-18 23:39:37.750433
wbowers,data_engineer,consent_logs,write,2024-08-12 09:55:59.389260
tammy53,data_engineer,grades,write,2025-05-24 22:20:19.706740
garybowman,analyst,students,delete,2025-04-04 06:38:37.861109
nperez,analyst,grades,read,2024-09-04 03:53:46.250805
aaroncox,analyst,enrollments,read,2024-12-16 17:40:00.449210
kimberlyperez,analyst,students,read,2024-09-17 12:08:10.432109
wmiller,data_engineer,enrollments,read,2025-06-16 17:44:43.484440
dsanders,data_engineer,courses,read,2025-01-14 01:24:48.365890
lwilliams,analyst,students,write,2024-11-15 20:09:30.192248
hfrench,data_engineer,grades,write,2025-04-01 22:50:09.281302
mariagonzalez,analyst,students,read,2024-07-10 19:37:22.868367
henryeric,admin,grades,write,2024-08-02 04:06:27.363174
patriciagrant,analyst,courses,read,2025-01-17 08:14:56.579461
janicestuart,data_engineer,students,read,2024-12-23 18:57:58.261343
wleblanc,analyst,consent_logs,write,2024-09-30 11:19:52.358982
kimberly73,analyst,grades,read,2024-10-23 04:19:44.378548
david33,analyst,enrollments,read,2025-06-20 10:48:01.710023
donaldmartin,admin,students,write,2025-03-13 19:19:53.731079
walterskaren,analyst,consent_logs,read,2024-10-11 09:24:53.071156
michaelmooney,analyst,grades,delete,2025-05-06 03:04:30.742109
jenniferortega,data_engineer,enrollments,read,2025-03-04 00:54:38.246720
gregorymullen,admin,students,delete,2024-11-21 15:51:42.947260
nwhite,admin,students,write,2025-06-24 09:02:12.075306
jason06,admin,consent_logs,read,2024-09-23 04:56:04.747552
plin,data_engineer,consent_logs,read,2024-07-21 01:53:40.123466
schmidtjoseph,admin,students,delete,2025-03-03 10:24:47.469064
phill,analyst,students,read,2024-06-29 00:49:35.845618
jermaine84,analyst,courses,delete,2025-04-04 18:08:52.442061
eddie13,analyst,courses,write,2025-04-05 16:55:21.451873
richardbrown,analyst,consent_logs,write,2025-04-09 06:37:23.001551
uperez,data_engineer,grades,delete,2024-12-16 16:18:34.495438
paul54,data_engineer,consent_logs,write,2025-04-11 13:03:01.200871
wardjohn,data_engineer,courses,write,2024-07-23 06:56:53.305339
sharonkeller,admin,courses,delete,2024-11-08 05:48:30.431258
rmadden,data_engineer,grades,read,2024-07-23 00:48:24.942574
mark40,data_engineer,grades,write,2025-01-20 18:15:02.898423
johnstonnicholas,data_engineer,grades,write,2025-06-21 09:42:39.351395
shannon75,analyst,students,write,2025-04-16 16:38:31.838750
woodsaaron,data_engineer,grades,read,2024-08-15 19:10:06.386271
gary20,data_engineer,courses,delete,2024-07-22 16:54:56.474127
udavis,analyst,grades,write,2025-02-23 09:11:59.644478
kyleeverett,admin,enrollments,read,2025-01-21 11:45:58.967863
nbullock,data_engineer,courses,write,2024-11-21 02:46:06.515719
ksullivan,data_engineer,courses,write,2025-06-10 11:50:06.315481
klewis,data_engineer,courses,write,2024-11-29 10:52:48.309534
zhall,data_engineer,enrollments,delete,2025-02-01 13:58:09.627178
davidpearson,data_engineer,grades,delete,2025-02-28 05:56:22.608500
stevensmatthew,analyst,grades,read,2025-01-23 09:21:57.131842
awong,admin,grades,delete,2024-11-02 10:41:27.278296
sheliacohen,admin,consent_logs,write,2025-05-21 11:37:50.133823
james91,data_engineer,consent_logs,write,2025-02-11 19:36:48.834857
mmurphy,data_engineer,enrollments,read,2024-07-08 00:09:04.959833
hunter12,data_engineer,grades,write,2024-07-13 09:54:54.411915
willismichael,admin,consent_logs,delete,2024-07-05 07:39:03.175634
tom64,data_engineer,enrollments,delete,2025-06-24 11:31:50.988539
smarsh,data_engineer,students,read,2024-12-19 00:30:35.896963
smithrobert,admin,enrollments,delete,2025-01-17 17:22:50.459807
itorres,admin,courses,delete,2025-02-24 18:03:42.417503
tcrawford,data_engineer,grades,write,2025-01-21 18:58:25.947942
fmclean,admin,grades,write,2024-11-27 01:15:50.222122
paulbailey,analyst,grades,write,2025-03-05 23:21:10.027654
scottmark,analyst,consent_logs,read,2024-07-05 03:34:17.038120
michaelhale,analyst,courses,delete,2024-12-15 11:40:24.483840
chapmanpaul,admin,grades,write,2024-10-04 05:16:43.532899
djensen,data_engineer,courses,read,2024-12-04 22:30:55.100975
andradeariana,analyst,grades,write,2024-11-04 12:27:00.022936
nwalker,data_engineer,consent_logs,delete,2024-07-14 19:47:31.090672
brittney02,analyst,students,delete,2024-11-08 03:20:55.789299
martinevan,admin,students,read,2024-11-24 18:21:14.996931
ronaldyoung,admin,students,read,2024-07-25 08:24:05.743264
christina89,data_engineer,students,write,2025-05-03 03:50:59.297584
cheryl54,data_engineer,grades,delete,2024-11-24 22:03:13.139043
vwright,admin,grades,write,2025-03-29 00:24:40.384928
julie44,admin,enrollments,delete,2025-04-09 15:33:35.520045
cheryl69,data_engineer,consent_logs,write,2025-05-31 16:08:27.704794
karensanchez,data_engineer,enrollments,delete,2025-03-11 11:22:25.735298
joshua74,admin,enrollments,write,2024-09-17 10:11:17.897811
natalie40,admin,consent_logs,read,2025-01-04 18:44:27.114366
dustinwilliams,admin,grades,write,2024-10-24 14:18:23.258614
uanderson,admin,consent_logs,delete,2024-12-17 23:00:08.923454
vanessacaldwell,data_engineer,grades,delete,2025-01-07 11:12:17.399184
cory21,analyst,courses,delete,2025-06-15 00:56:36.399867
sanderson,data_engineer,grades,read,2024-08-29 00:55:13.721650
egill,analyst,grades,write,2024-10-24 02:20:43.361299
james65,admin,students,read,2024-10-27 16:43:43.582475
michelemartinez,data_engineer,courses,write,2024-09-24 00:08:15.477880
turnerashley,data_engineer,grades,read,2025-05-02 13:06:09.573432
jhickman,analyst,enrollments,write,2025-03-17 23:49:08.177840
ashleymorrow,analyst,consent_logs,read,2024-08-17 09:16:32.549753
daniel13,data_engineer,students,write,2025-03-21 18:08:40.255371
zcook,analyst,consent_logs,write,2025-05-08 09:54:12.183710
llee,data_engineer,students,write,2024-10-27 22:53:50.090560
jmaynard,admin,grades,read,2025-06-05 00:36:23.237683
livingstonchelsea,analyst,enrollments,delete,2025-06-06 15:42:49.205763
janice84,data_engineer,grades,read,2024-09-03 19:33:18.731344
randy31,analyst,grades,delete,2024-07-23 04:49:21.084307
brandon34,data_engineer,enrollments,delete,2025-05-17 21:11:47.565838
mariamoore,admin,enrollments,delete,2025-02-26 17:06:34.574705
arthurwright,data_engineer,students,delete,2024-10-17 23:06:52.923893
isaac63,analyst,courses,read,2025-02-21 08:01:54.445311
turnerelizabeth,data_engineer,enrollments,read,2025-03-14 14:02:39.185529
sgordon,analyst,enrollments,delete,2025-02-28 04:35:57.096162
iharrington,admin,courses,write,2025-04-26 07:32:45.612933
arnoldrachel,admin,students,delete,2025-06-08 12:56:09.307288
jennifer29,admin,enrollments,write,2025-05-06 23:09:30.451291
dmullins,data_engineer,courses,write,2024-08-21 14:34:06.185238
lucasteresa,admin,enrollments,delete,2024-12-03 18:14:36.629431
caleb43,analyst,courses,delete,2025-06-24 14:41:01.156016
jared50,admin,enrollments,delete,2024-08-22 09:38:05.797076
stacey22,admin,grades,delete,2025-04-20 10:10:06.830269
robert52,admin,consent_logs,read,2024-12-07 12:32:38.565720
jessica23,data_engineer,courses,read,2024-09-08 03:46:25.536864
cindyhall,data_engineer,courses,write,2024-08-15 12:11:37.172072
markberry,admin,enrollments,delete,2024-08-05 02:30:02.179057
nataliehall,data_engineer,enrollments,write,2024-09-14 21:13:09.259576
ricky71,analyst,courses,write,2025-03-21 20:06:40.498418
santiagoronald,analyst,enrollments,read,2024-12-10 09:15:18.145771
kimronald,data_engineer,enrollments,delete,2025-04-06 02:53:33.107478
karen53,admin,courses,write,2025-05-20 22:47:44.156697
thompsondarlene,data_engineer,students,write,2024-09-11 15:38:25.504321
davidgilbert,analyst,students,delete,2024-09-19 00:53:33.322695
lisa23,data_engineer,consent_logs,read,2024-07-07 08:04:35.449133
jennifer20,admin,grades,read,2024-08-12 03:13:47.275554
stephen90,admin,students,read,2024-07-29 22:00:26.263333
susanstanley,data_engineer,students,read,2024-08-14 02:05:59.629004
ibarrabrian,analyst,grades,read,2025-04-20 03:39:35.009241
qhendricks,admin,students,delete,2025-02-22 23:44:44.438118
gblair,admin,enrollments,delete,2025-04-26 11:56:45.117049
smay,admin,grades,delete,2024-12-24 14:13:31.774017
robert99,analyst,courses,delete,2025-06-03 11:44:38.223284
sarawilliams,data_engineer,students,delete,2024-11-05 03:03:56.281588
amandaknapp,admin,students,delete,2024-08-22 00:10:17.384565
vfuller,admin,grades,delete,2024-12-28 11:06:58.808116
whitelevi,admin,grades,read,2024-07-11 09:01:28.602986
paul84,analyst,students,read,2025-03-14 00:04:15.334576
staceywashington,data_engineer,grades,read,2025-02-10 19:22:59.014294
eberry,admin,students,write,2025-04-12 21:15:52.337281
andersonchristopher,data_engineer,consent_logs,read,2024-07-13 22:45:43.601772
cchurch,data_engineer,grades,delete,2024-09-20 19:37:59.105337
toni86,data_engineer,consent_logs,delete,2025-04-17 14:27:32.512624
caldwellpatricia,admin,courses,write,2025-05-21 00:13:13.288885
fwyatt,analyst,consent_logs,read,2024-10-11 03:22:34.348750
yatessarah,data_engineer,grades,delete,2025-01-31 05:43:47.471750
dale99,admin,students,read,2024-09-26 16:52:31.557274
gregory51,admin,enrollments,read,2024-12-24 03:42:08.185977
gregorywhitehead,analyst,consent_logs,read,2025-06-07 00:10:09.279699
john87,analyst,students,delete,2024-09-01 02:59:53.826523
wardkeith,admin,grades,read,2024-08-18 10:45:22.169343
rthompson,data_engineer,grades,read,2024-10-21 18:56:20.672684
brittany63,data_engineer,consent_logs,write,2025-05-24 15:33:47.352443
schwartzlisa,analyst,courses,delete,2024-09-08 15:17:57.126617
kelly70,analyst,enrollments,read,2024-10-16 00:42:27.965462
lromero,data_engineer,enrollments,write,2025-05-29 15:27:08.894064
nelsonandrew,analyst,grades,delete,2024-08-26 10:26:49.485504
christina68,admin,enrollments,write,2025-03-03 16:22:42.155305
salazarnancy,admin,students,read,2024-09-03 22:18:24.998274
ncrawford,admin,courses,write,2025-03-10 02:58:19.503059
raywalters,analyst,students,delete,2024-09-11 03:18:47.147702
robert42,data_engineer,students,delete,2024-12-08 22:41:07.378126
ywells,analyst,courses,read,2024-08-28 00:01:09.407184
ashley06,analyst,students,write,2024-07-26 03:36:03.743342
fbailey,analyst,enrollments,delete,2024-08-17 12:07:20.295321
anthonywood,analyst,consent_logs,delete,2025-03-18 13:47:05.928985
edwardmitchell,admin,consent_logs,write,2024-07-22 18:48:08.199587
jrobinson,analyst,enrollments,write,2025-01-28 17:40:05.428156
katherine96,data_engineer,courses,write,2024-09-19 16:19:45.976714
stevencortez,data_engineer,enrollments,write,2024-08-22 00:54:01.715822
njackson,data_engineer,consent_logs,delete,2025-03-17 16:40:40.990200
bradbennett,admin,grades,delete,2024-10-27 03:59:12.024498
cindy08,admin,students,delete,2024-10-28 18:42:47.688375
jamierodriguez,data_engineer,courses,write,2025-02-20 20:26:36.503082
williamsaudrey,data_engineer,enrollments,write,2025-05-03 19:00:12.392260
janetmoore,data_engineer,courses,write,2025-04-21 19:57:47.861724
thompsonedwin,admin,grades,delete,2025-06-08 14:49:46.067402
kimberlywatson,data_engineer,courses,read,2024-10-12 20:47:23.480685
dawsonamanda,admin,enrollments,write,2025-05-10 09:20:07.316966
znichols,analyst,grades,write,2024-10-13 13:17:04.703887
garciabrandi,data_engineer,students,write,2025-01-06 14:41:25.036615
angela06,analyst,grades,read,2024-10-17 16:46:22.109151
karen00,analyst,grades,read,2025-04-12 22:52:16.708719
ashleyshaw,admin,students,write,2025-06-02 07:00:58.130736
elittle,data_engineer,grades,write,2024-09-24 01:10:22.494880
abigail66,data_engineer,grades,read,2024-10-07 15:24:30.227681
xcurry,data_engineer,courses,read,2025-03-25 23:05:56.757863
nramsey,data_engineer,consent_logs,write,2024-10-12 21:51:26.251265
danielthomas,admin,grades,write,2025-06-01 11:03:57.465313
haroldlee,analyst,courses,write,2024-07-02 23:27:05.743120
williamsfrank,data_engineer,grades,write,2024-09-27 02:39:44.357746
laurarodriguez,analyst,students,write,2025-03-21 08:30:09.755530
davismichelle,admin,students,write,2024-12-06 19:31:09.795605
mchapman,analyst,courses,delete,2025-06-18 11:34:11.909952
barbara81,data_engineer,grades,read,2025-02-19 18:01:37.162895
danieldunn,analyst,courses,read,2024-07-17 13:15:07.045310
bhenderson,data_engineer,courses,read,2025-03-23 02:14:28.680066
jasminbrown,data_engineer,grades,write,2024-10-31 18:31:54.846321
julieryan,analyst,enrollments,delete,2024-09-05 08:42:54.632518
glopez,analyst,courses,delete,2024-06-28 03:13:38.006834
nguyenharry,admin,consent_logs,read,2024-09-23 22:43:01.440533
andreasmith,analyst,enrollments,write,2024-11-03 11:46:16.835908
sarakirby,analyst,enrollments,delete,2025-02-06 16:42:37.285920
brownraymond,admin,enrollments,delete,2025-03-08 11:39:48.711592
lynnavila,data_engineer,students,read,2025-06-02 16:52:22.719003
gregorypeters,data_engineer,enrollments,write,2025-05-17 14:56:34.508481
nnunez,admin,grades,write,2024-09-13 01:39:30.321037
vrussell,analyst,grades,write,2024-07-27 03:41:33.480979
cynthia86,analyst,courses,write,2024-08-30 09:19:08.725108
bgarcia,analyst,enrollments,delete,2025-01-14 09:30:12.027561
smithcharles,data_engineer,grades,read,2024-08-22 08:38:33.076645
jamesperez,data_engineer,consent_logs,read,2025-02-04 01:51:15.055150
nunezmelinda,analyst,consent_logs,delete,2025-03-20 18:02:49.293079
michaellopez,admin,grades,write,2025-03-22 23:22:18.602559
ricemark,analyst,courses,read,2025-06-04 06:51:24.193739
sullivanpaula,data_engineer,consent_logs,read,2024-12-23 19:04:54.820935
curtisroberto,data_engineer,grades,delete,2025-02-11 12:27:50.909953
margaret20,data_engineer,students,delete,2025-02-13 14:01:45.189688
chaselisa,data_engineer,courses,delete,2024-09-25 01:48:27.297001
howellstuart,analyst,enrollments,read,2024-12-06 02:41:57.973397
gwilson,data_engineer,courses,read,2025-03-07 11:52:57.961160
tara69,data_engineer,grades,write,2025-05-04 08:41:16.879415
amberevans,admin,courses,read,2025-02-23 01:23:15.163817
jessicasmith,admin,students,write,2025-03-15 07:26:34.851602
jacquelinebennett,data_engineer,consent_logs,write,2025-03-07 21:51:17.081616
wferguson,analyst,grades,write,2024-08-28 02:48:42.603506
bailey12,data_engineer,courses,write,2024-10-22 22:43:37.539657
kylehunter,analyst,consent_logs,read,2025-01-19 06:33:54.092695
matthewwalker,analyst,grades,delete,2024-10-04 09:02:24.829037
afuller,analyst,students,write,2025-04-01 18:29:49.805326
olivia99,analyst,students,delete,2024-07-04 22:29:52.765640
courtney29,admin,consent_logs,delete,2024-11-24 05:01:57.150721
bryan79,data_engineer,grades,write,2025-02-07 17:10:46.136453
asmith,data_engineer,students,write,2025-01-14 19:06:32.531520
rparker,data_engineer,grades,read,2024-12-25 15:06:18.730303
gina94,data_engineer,students,read,2024-11-21 21:07:39.931912
mckayjames,analyst,courses,read,2025-02-03 21:22:22.723209
daniel73,data_engineer,courses,read,2024-10-10 06:34:36.988820
ostone,data_engineer,courses,delete,2024-10-30 03:19:26.542978
iquinn,admin,consent_logs,write,2025-04-17 23:58:06.723122
osbornkelly,data_engineer,students,write,2025-01-26 03:08:47.281586
bakerleslie,data_engineer,enrollments,read,2025-04-12 02:54:34.963444
elizabethrobertson,analyst,consent_logs,write,2024-11-17 19:34:05.430618
murphygeorge,data_engineer,grades,delete,2025-04-27 22:59:04.376482
martindonald,admin,enrollments,read,2024-12-11 06:10:33.954540
jross,admin,students,write,2025-02-01 12:58:49.716149
smithamy,analyst,courses,write,2024-10-03 13:08:58.101589
michael13,admin,enrollments,delete,2024-06-26 22:15:52.107724
nancyballard,data_engineer,consent_logs,read,2024-10-25 05:08:17.628864
elizabeth88,analyst,courses,delete,2024-09-21 06:38:02.732211
vgreen,data_engineer,courses,read,2025-06-25 02:02:53.473013
robert30,data_engineer,consent_logs,read,2024-08-20 06:53:41.750453
akramer,analyst,enrollments,write,2024-07-13 23:36:45.254505
brandoncooper,analyst,consent_logs,read,2024-11-16 07:26:35.452398
xgarcia,analyst,students,delete,2025-01-30 13:44:27.595161
andredonaldson,analyst,grades,write,2024-11-04 06:41:26.847062
colton49,admin,students,read,2024-09-04 16:51:00.318781
qirwin,admin,students,delete,2025-05-01 05:40:12.376606
ryan90,admin,grades,read,2024-12-27 07:37:48.330400
bsloan,data_engineer,enrollments,write,2025-02-20 11:01:57.598718
pmartin,admin,courses,write,2025-04-16 06:03:21.615139
rodriguezkaren,admin,courses,write,2024-11-29 22:50:22.489455
williamsjoseph,analyst,students,delete,2024-10-12 16:52:45.390671
david90,data_engineer,courses,delete,2024-11-17 09:53:32.432114
elizabeth68,admin,consent_logs,read,2025-05-22 07:35:46.040121
xcardenas,admin,courses,read,2024-08-25 22:23:25.728611
graykristin,admin,enrollments,read,2024-08-11 18:22:41.903867
renee99,admin,students,delete,2024-12-03 01:00:29.276608
btaylor,analyst,consent_logs,read,2025-04-03 06:37:50.729010
sheilawhite,admin,grades,write,2025-02-04 03:44:07.537712
joe47,admin,students,read,2025-04-12 09:51:37.989418
victor76,admin,grades,read,2024-10-15 14:32:45.334954
gail55,analyst,enrollments,write,2025-01-30 21:10:12.009440
gnguyen,data_engineer,courses,read,2025-05-02 11:45:28.657081
amandaedwards,analyst,enrollments,write,2024-12-22 08:48:46.266095
monteskarl,admin,courses,delete,2025-03-19 20:41:47.843629
craigmiles,admin,students,read,2025-05-07 12:17:01.154968
smithjohn,analyst,students,read,2024-08-12 09:06:10.345212
staceyarias,admin,consent_logs,write,2024-07-21 13:28:06.458847
xyoung,admin,enrollments,delete,2025-02-15 12:23:11.292792
bsimpson,admin,consent_logs,write,2025-04-04 20:10:12.138762
christinapeters,analyst,grades,write,2025-03-13 21:54:50.962468
angela22,admin,grades,delete,2025-01-26 04:41:22.634266
george52,admin,consent_logs,write,2025-03-14 01:44:46.202229
craig18,data_engineer,consent_logs,write,2024-10-24 09:57:22.649112
christina71,analyst,courses,read,2024-07-16 17:19:09.197794
ricedana,admin,consent_logs,write,2024-11-06 09:51:05.186103
greenshawn,data_engineer,grades,write,2024-10-03 01:37:34.453974
kathyfowler,data_engineer,courses,read,2024-11-03 23:33:07.582655
kennethrusso,analyst,enrollments,write,2025-03-21 00:16:24.729277
daniel71,admin,courses,delete,2024-11-03 21:40:06.321747
jacqueline97,analyst,consent_logs,write,2024-09-07 13:43:18.477210
melanie93,admin,grades,read,2024-07-10 02:43:41.469578
tracyferguson,admin,courses,read,2024-09-15 21:38:24.776130
morenorobert,analyst,grades,read,2025-05-11 21:25:17.691768
barkerjohn,analyst,enrollments,delete,2025-02-17 01:21:13.623707
ronaldjohnson,analyst,grades,delete,2024-12-17 00:15:57.937511
lisahawkins,data_engineer,enrollments,write,2024-11-02 12:31:38.401123
timothyalvarez,admin,grades,delete,2024-06-30 06:00:52.432751
rwhite,data_engineer,grades,delete,2024-07-19 14:10:51.040907
davidholt,admin,enrollments,read,2024-11-22 23:07:24.578027
saradaniel,admin,grades,write,2024-12-20 00:06:57.590704
garciaanne,admin,courses,delete,2024-08-04 22:45:21.130650
mjennings,data_engineer,enrollments,write,2024-10-11 13:48:05.348962
vcrawford,data_engineer,consent_logs,read,2024-12-18 17:57:39.036684
lmahoney,data_engineer,courses,delete,2025-04-18 05:37:17.862366
benitezjeffrey,analyst,enrollments,delete,2025-04-19 21:35:51.193074
brianajohnston,admin,students,delete,2025-05-17 07:15:32.444947
vgreen,admin,students,read,2024-07-15 23:04:44.653566
norrisdaniel,analyst,students,read,2025-01-07 03:12:18.028696
timothy90,data_engineer,students,write,2025-01-06 18:39:53.392392
marissasutton,data_engineer,courses,delete,2024-10-29 01:11:03.232927
padillaamber,analyst,grades,read,2024-11-23 07:56:00.630714
rebecca24,admin,enrollments,read,2024-11-16 02:55:47.177122
christine97,analyst,grades,write,2025-01-25 14:30:55.102560
xjackson,analyst,enrollments,read,2025-04-23 15:28:09.244052
tmurphy,data_engineer,courses,delete,2025-01-21 06:52:00.119599
soniaharmon,admin,enrollments,read,2025-04-30 11:24:17.176708
whitecharles,admin,enrollments,read,2025-03-25 21:40:01.243448
msimon,data_engineer,courses,read,2025-02-22 21:48:40.305366
wilkinskevin,admin,students,write,2025-01-10 02:55:32.924747
droach,admin,students,read,2024-07-01 23:37:01.713723
karen84,admin,grades,write,2025-05-27 06:05:04.320175
sara14,analyst,consent_logs,write,2025-04-13 00:33:33.643404
ronaldhodges,data_engineer,students,delete,2024-08-24 02:55:24.558877
ghendrix,analyst,courses,read,2024-07-27 01:02:55.673939
danielleclark,analyst,grades,read,2024-12-27 08:42:57.505595
hsweeney,admin,courses,delete,2025-04-05 22:06:54.043384
chelseaodom,data_engineer,students,read,2025-04-27 10:41:38.283722
hillsabrina,data_engineer,courses,write,2025-01-23 06:24:14.632190
rojaschristina,data_engineer,grades,read,2025-05-27 14:59:19.542776
marthagriffin,analyst,students,delete,2025-01-23 12:08:26.995328
leslie86,admin,enrollments,delete,2025-05-30 10:24:47.324104
jeffreymccormick,data_engineer,courses,read,2024-07-29 09:24:48.414727
julie80,data_engineer,students,delete,2025-03-29 07:38:32.066960
awoodward,data_engineer,grades,read,2025-04-03 12:37:29.125273
james60,analyst,courses,read,2025-03-26 05:52:30.660711
martinezjohn,analyst,students,delete,2025-01-26 05:00:53.138425
wrightmia,data_engineer,consent_logs,delete,2024-08-11 14:54:32.009382
pparker,data_engineer,grades,delete,2025-05-09 01:51:38.537769
david60,analyst,students,write,2025-01-22 08:45:10.396146
margaret18,data_engineer,students,delete,2025-03-15 16:06:24.941381
campbellbruce,data_engineer,courses,write,2024-08-15 06:22:49.798148
jenniferclark,analyst,grades,write,2024-07-22 04:16:36.421162
sarah87,analyst,enrollments,delete,2024-09-09 20:05:37.987010
ctaylor,analyst,consent_logs,read,2024-07-25 12:48:31.221676
william96,data_engineer,enrollments,write,2025-01-20 07:30:29.915706
michaellindsey,admin,consent_logs,write,2024-07-18 18:32:04.946891
simsamy,data_engineer,courses,write,2025-06-17 23:51:16.627199
odavis,data_engineer,grades,delete,2025-06-10 18:16:50.329854
fwade,data_engineer,consent_logs,write,2025-02-19 09:01:54.911426
phoover,data_engineer,courses,read,2025-01-26 07:33:29.121704
michaelclarke,analyst,enrollments,read,2024-08-07 23:36:04.995411
zroberts,data_engineer,enrollments,delete,2025-06-11 02:06:12.145671
kellermary,data_engineer,courses,delete,2025-05-25 11:12:55.179533
dtucker,analyst,grades,read,2024-07-07 00:26:50.052900
amyfisher,data_engineer,consent_logs,delete,2025-04-02 09:30:47.960690
vortiz,admin,consent_logs,write,2025-05-26 14:22:50.743533
gregory16,analyst,grades,delete,2025-04-17 13:32:35.324929
casey61,admin,grades,delete,2024-07-09 11:57:25.179272
hansonheather,data_engineer,students,write,2025-06-11 22:58:23.528519
cynthia35,admin,consent_logs,delete,2025-01-08 06:47:34.385845
robert40,admin,consent_logs,read,2025-06-17 22:50:52.666537
johnsonelizabeth,analyst,students,write,2025-01-12 11:09:30.347475
tracylewis,analyst,grades,delete,2024-10-01 04:09:53.652342
bbarnes,admin,enrollments,write,2024-08-14 18:54:50.395175
bakerjonathon,admin,enrollments,delete,2024-10-03 13:24:01.163037
ricebeth,data_engineer,consent_logs,write,2025-01-28 22:37:24.149505
sarajohnston,analyst,courses,read,2025-01-22 18:57:51.897550
barnesrichard,analyst,enrollments,delete,2025-03-07 15:12:16.818287
hudsonglen,data_engineer,students,read,2025-01-08 17:01:47.618492
sheena87,analyst,courses,read,2025-04-02 05:34:52.947259
karen51,analyst,grades,delete,2025-05-05 06:09:45.413834
mariahwang,admin,consent_logs,read,2025-01-09 02:17:28.004950
ftaylor,data_engineer,grades,read,2024-08-10 18:11:00.907835
pamela06,analyst,enrollments,read,2025-04-17 03:04:41.817035
mccormickkatherine,data_engineer,enrollments,read,2025-04-29 05:13:17.901164
kimberly03,analyst,students,read,2024-10-16 03:37:55.859421
brittanywolf,admin,students,read,2025-05-21 20:43:03.034241
eharris,data_engineer,students,read,2024-12-05 14:21:50.836574
suzanne33,admin,students,read,2024-09-13 01:17:53.324790
kathleen70,data_engineer,courses,read,2025-04-25 15:48:40.812116
hallalan,data_engineer,enrollments,delete,2024-07-01 06:40:43.601125
mcmahonmichael,data_engineer,students,delete,2024-12-30 23:15:55.935462
lcosta,analyst,enrollments,write,2025-01-11 18:23:59.140115
qanderson,data_engineer,enrollments,read,2025-04-10 08:44:17.634662
bradshawcarlos,data_engineer,courses,delete,2025-05-02 05:26:23.616183
patriciacarr,analyst,courses,delete,2025-03-18 05:18:44.029874
shannon20,analyst,consent_logs,read,2024-10-02 19:22:01.238501
carl07,analyst,courses,read,2025-03-05 13:11:30.585784
cory32,data_engineer,enrollments,write,2024-10-03 14:34:42.401357
maryday,admin,enrollments,delete,2024-07-18 11:01:39.518205
tklein,data_engineer,courses,delete,2024-08-01 19:27:52.487390
douglashill,admin,courses,delete,2025-06-09 11:31:37.770710
matthewsjill,analyst,consent_logs,write,2024-12-17 02:19:39.290740
kbird,analyst,courses,read,2024-11-22 08:02:51.311219
gregorymiller,data_engineer,students,write,2024-12-24 21:23:03.432015
laura24,admin,courses,write,2024-07-01 20:06:41.236464
geraldgarcia,analyst,students,read,2025-01-07 14:37:49.747582
johnsonkevin,admin,students,write,2025-01-04 18:52:49.715395
wattsjason,data_engineer,enrollments,read,2024-12-17 04:16:15.369896
amywest,analyst,courses,read,2025-02-20 03:45:26.158112
villaedward,data_engineer,enrollments,delete,2024-07-09 13:35:14.412667
kimberly36,analyst,courses,read,2025-05-18 23:36:50.254451
egriffith,analyst,courses,read,2025-01-21 08:51:10.000098
robertstephens,admin,grades,delete,2024-07-08 02:46:53.799905
steven95,analyst,students,delete,2024-07-07 16:40:54.061950
simpsonderrick,data_engineer,students,delete,2025-06-10 15:33:02.834942
johnsonsteven,admin,courses,write,2025-02-06 11:22:34.724765
lopezkimberly,analyst,consent_logs,write,2025-02-20 17:21:03.739830
ethanrodriguez,analyst,students,write,2025-01-10 03:41:48.616242
vknight,analyst,students,delete,2024-12-29 18:01:54.401845
riostyler,analyst,courses,read,2024-09-02 12:44:46.249971
brockjon,data_engineer,enrollments,read,2025-05-10 12:55:00.722855
julia17,admin,enrollments,delete,2024-08-06 06:07:55.611881
amyhaney,data_engineer,courses,read,2024-07-21 17:05:25.885425
gibsonkirk,analyst,grades,read,2024-11-22 09:41:59.005319
mandymalone,admin,courses,write,2024-10-11 19:02:48.826705
isaiahthomas,admin,students,write,2025-02-18 09:13:35.377552
thomasherbert,analyst,grades,write,2025-05-25 14:20:07.458194
karina20,admin,enrollments,read,2025-01-25 18:55:00.252178
judy77,admin,enrollments,delete,2025-05-15 08:18:06.812755
njensen,analyst,courses,read,2025-02-28 01:08:36.492721
wmay,analyst,courses,delete,2024-10-20 01:46:16.100543
sandraruiz,admin,students,read,2024-07-25 13:07:56.088525
tmorrison,admin,grades,delete,2025-03-16 18:35:25.288815
wallererica,analyst,consent_logs,read,2024-10-03 11:17:53.835621
margaret59,data_engineer,courses,write,2025-01-09 23:26:13.066139
reyesdavid,analyst,courses,read,2024-08-04 13:17:42.042485
floressarah,analyst,consent_logs,delete,2025-01-25 02:16:18.505006
jacksonrussell,data_engineer,consent_logs,read,2025-05-14 10:44:26.372969
jessica86,data_engineer,courses,read,2024-09-27 23:22:52.311594
gmoody,data_engineer,courses,delete,2025-02-28 01:40:59.547501
jasongray,analyst,courses,read,2024-07-18 04:48:20.318884
porterjoseph,admin,students,write,2024-12-10 08:18:38.343328
dixonjerry,analyst,enrollments,write,2025-04-22 12:59:21.432156
daviladaniel,data_engineer,consent_logs,read,2024-07-08 14:37:50.069243
christine92,admin,students,read,2024-07-28 01:11:18.371167
bradley69,admin,students,delete,2025-03-22 21:39:11.319400
philliphayden,admin,grades,write,2025-02-10 02:57:27.560114
kristenpetty,analyst,consent_logs,write,2024-10-06 11:39:06.300496
william47,analyst,enrollments,write,2025-06-06 17:10:41.654383
gordondavid,admin,grades,delete,2025-01-22 09:46:26.412875
bflores,data_engineer,students,delete,2024-09-03 04:59:45.704880
jacksonwhitney,admin,grades,read,2024-09-07 12:31:17.158723
vparks,admin,enrollments,read,2024-08-19 22:11:28.296779
howardmark,analyst,courses,read,2025-05-13 15:31:02.752114
aaronsmith,data_engineer,students,delete,2025-01-13 01:53:30.994116
swright,admin,students,delete,2025-03-25 09:15:26.882034
lchavez,analyst,enrollments,delete,2024-08-06 08:30:13.389410
smithadriana,analyst,students,write,2025-04-03 06:37:36.292861
martinezdavid,admin,enrollments,read,2025-04-14 07:22:52.898111
rileymelissa,data_engineer,grades,read,2024-07-30 10:57:56.553942
loritaylor,analyst,courses,write,2024-12-24 07:54:47.078678
lharmon,data_engineer,grades,read,2025-02-27 15:04:23.567813
nsingh,admin,courses,delete,2024-07-13 01:34:35.559749
weaverjessica,analyst,consent_logs,read,2024-10-14 08:59:02.662096
bendermichelle,admin,grades,delete,2025-01-12 17:44:05.218175
ycooke,admin,students,write,2024-09-24 04:36:29.410698
johnsoncandice,analyst,students,delete,2025-04-29 22:52:26.733788
gabrielle36,admin,grades,delete,2024-08-09 02:20:29.902415
