student_id,course_id,term,grade,GPA
S0000,C002,First Semester 2023,D,1.16
S0001,C002,First Semester 2023,A,3.85
S0001,C001,First Semester 2023,D,0.9
S0002,C002,Second Semester 2024,F,0.0
S0003,C001,First Semester 2023,C,1.92
S0003,C002,Second Semester 2024,D,0.92
S0003,C004,First Semester 2023,B,2.79
S0004,C002,First Semester 2023,F,0.0
S0005,C003,First Semester 2023,B,2.78
S0006,C001,Second Semester 2024,D,0.95
S0006,C004,First Semester 2023,D,1.24
S0007,C004,Second Semester 2024,F,0.18
S0008,C001,First Semester 2023,C,2.27
S0008,C002,Second Semester 2024,D,0.79
S0008,C004,First Semester 2023,A,4.0
S0009,C004,First Semester 2023,F,0.27
S0009,C002,Second Semester 2024,A,3.9
S0010,C003,First Semester 2023,D,1.29
S0011,C003,Second Semester 2024,B,2.96
S0012,C003,First Semester 2023,D,1.16
S0012,C002,First Semester 2023,B,3.24
S0012,C004,First Semester 2023,A,4.0
S0013,C002,Second Semester 2024,F,0.28
S0013,C004,Second Semester 2024,D,0.94
S0014,C001,Second Semester 2024,F,0.22
S0014,C002,Second Semester 2024,C,2.25
S0014,C003,First Semester 2023,A,4.0
S0015,C001,First Semester 2023,F,0.07
S0015,C004,Second Semester 2024,B,3.12
S0016,C003,Second Semester 2024,D,1.09
S0016,C001,First Semester 2023,F,0.07
S0016,C004,Second Semester 2024,F,0.09
S0017,C001,Second Semester 2024,C,2.23
S0017,C002,First Semester 2023,D,1.17
S0018,C002,First Semester 2023,C,1.75
S0018,C001,Second Semester 2024,F,0.0
S0018,C004,Second Semester 2024,B,3.01
S0019,C002,First Semester 2023,F,0.0
S0019,C004,Second Semester 2024,A,4.0
S0020,C003,Second Semester 2024,C,2.01
S0021,C001,First Semester 2023,B,2.71
S0021,C004,Second Semester 2024,F,0.06
S0022,C001,First Semester 2023,B,3.2
S0023,C002,Second Semester 2024,C,2.14
S0023,C004,First Semester 2023,F,0.0
S0023,C003,Second Semester 2024,A,4.0
S0024,C001,First Semester 2023,C,2.08
S0024,C004,First Semester 2023,C,1.77
S0025,C003,Second Semester 2024,A,3.97
S0026,C004,Second Semester 2024,F,0.14
S0026,C003,Second Semester 2024,D,0.9
S0027,C001,First Semester 2023,B,3.18
S0027,C002,Second Semester 2024,F,0.04
S0027,C003,Second Semester 2024,F,0.21
S0028,C004,First Semester 2023,B,2.91
S0029,C003,First Semester 2023,C,2.1
S0030,C003,First Semester 2023,F,0.1
S0030,C002,Second Semester 2024,D,1.01
S0031,C002,Second Semester 2024,B,2.76
S0031,C001,First Semester 2023,F,0.05
S0032,C003,First Semester 2023,C,1.97
S0032,C001,First Semester 2023,B,3.13
S0032,C002,First Semester 2023,D,0.75
S0033,C004,Second Semester 2024,A,3.95
S0033,C003,First Semester 2023,B,2.99
S0033,C002,First Semester 2023,D,0.75
S0034,C004,Second Semester 2024,F,0.0
S0035,C001,Second Semester 2024,F,0.01
S0035,C004,Second Semester 2024,D,1.22
S0036,C004,Second Semester 2024,F,0.0
S0037,C002,First Semester 2023,D,1.3
S0037,C004,First Semester 2023,D,1.1400000000000001
S0038,C002,First Semester 2023,D,1.19
S0038,C004,First Semester 2023,B,3.0
S0038,C003,Second Semester 2024,D,1.13
S0039,C002,First Semester 2023,B,3.2800000000000002
S0040,C004,Second Semester 2024,F,0.22
S0040,C002,Second Semester 2024,A,4.0
S0040,C003,Second Semester 2024,D,0.98
S0041,C004,Second Semester 2024,B,3.27
S0041,C003,First Semester 2023,C,2.25
S0042,C001,Second Semester 2024,A,4.0
S0042,C002,First Semester 2023,D,0.77
S0042,C003,Second Semester 2024,C,2.04
S0043,C001,Second Semester 2024,A,4.0
S0043,C003,First Semester 2023,A,3.92
S0043,C002,First Semester 2023,C,1.88
S0044,C004,First Semester 2023,D,0.72
S0044,C003,First Semester 2023,B,2.79
S0044,C001,First Semester 2023,F,0.0
S0045,C002,Second Semester 2024,C,2.23
S0045,C001,First Semester 2023,B,2.81
S0045,C003,Second Semester 2024,D,0.7
S0046,C004,First Semester 2023,F,0.0
S0046,C002,Second Semester 2024,A,3.95
S0047,C001,Second Semester 2024,F,0.0
S0047,C003,Second Semester 2024,D,1.24
S0048,C002,First Semester 2023,D,0.99
S0048,C004,Second Semester 2024,F,0.0
S0048,C001,Second Semester 2024,B,3.0
S0049,C001,Second Semester 2024,D,1.16
S0049,C002,First Semester 2023,D,0.79
S0049,C003,Second Semester 2024,C,1.75
S0050,C001,Second Semester 2024,F,0.1
S0050,C002,First Semester 2023,D,0.9299999999999999
S0051,C002,First Semester 2023,D,0.9
S0051,C001,First Semester 2023,A,4.0
S0052,C001,Second Semester 2024,D,1.1400000000000001
S0053,C004,First Semester 2023,A,4.0
S0054,C002,Second Semester 2024,A,4.0
S0055,C003,First Semester 2023,C,2.04
S0055,C004,Second Semester 2024,A,4.0
S0056,C002,First Semester 2023,A,3.82
S0056,C003,Second Semester 2024,F,0.03
S0057,C004,Second Semester 2024,A,4.0
S0057,C002,Second Semester 2024,F,0.0
S0058,C002,Second Semester 2024,D,1.0
S0059,C004,First Semester 2023,A,3.77
S0059,C002,First Semester 2023,F,0.0
S0059,C001,Second Semester 2024,A,3.86
S0060,C002,First Semester 2023,B,2.85
S0060,C004,Second Semester 2024,F,0.0
S0060,C001,Second Semester 2024,F,0.06
S0061,C003,Second Semester 2024,D,1.05
S0061,C001,Second Semester 2024,D,1.22
S0062,C003,First Semester 2023,A,3.9
S0063,C003,First Semester 2023,B,2.95
S0063,C001,Second Semester 2024,F,0.0
S0063,C004,First Semester 2023,C,1.75
S0064,C004,First Semester 2023,A,4.0
S0064,C003,First Semester 2023,C,1.79
S0065,C002,Second Semester 2024,C,2.16
S0066,C002,First Semester 2023,B,2.88
S0066,C004,First Semester 2023,D,1.11
S0067,C004,Second Semester 2024,A,4.0
S0067,C001,First Semester 2023,C,1.81
S0067,C003,First Semester 2023,A,3.88
S0068,C003,Second Semester 2024,A,3.89
S0069,C003,First Semester 2023,D,1.24
S0069,C001,First Semester 2023,C,1.93
S0069,C002,Second Semester 2024,A,3.73
S0070,C001,First Semester 2023,B,3.15
S0070,C002,Second Semester 2024,F,0.0
S0070,C003,Second Semester 2024,F,0.15
S0071,C003,First Semester 2023,D,1.27
S0072,C001,Second Semester 2024,C,1.74
S0073,C003,Second Semester 2024,D,1.03
S0074,C004,Second Semester 2024,A,3.99
S0075,C002,First Semester 2023,D,1.08
S0076,C001,First Semester 2023,A,3.86
S0076,C002,First Semester 2023,F,0.11
S0077,C003,Second Semester 2024,B,3.16
S0077,C004,Second Semester 2024,B,2.88
S0078,C002,Second Semester 2024,D,0.97
S0079,C003,Second Semester 2024,F,0.0
S0080,C004,Second Semester 2024,B,2.92
S0080,C002,Second Semester 2024,B,3.17
S0081,C004,Second Semester 2024,F,0.27
S0081,C002,Second Semester 2024,F,0.0
S0082,C002,Second Semester 2024,A,4.0
S0082,C003,First Semester 2023,F,0.0
S0083,C003,Second Semester 2024,B,2.7
S0083,C002,Second Semester 2024,D,0.86
S0084,C004,First Semester 2023,C,2.2
S0084,C002,Second Semester 2024,D,1.3
S0084,C003,Second Semester 2024,B,3.05
S0085,C001,Second Semester 2024,F,0.0
S0085,C004,First Semester 2023,B,3.14
S0085,C002,First Semester 2023,F,0.0
S0086,C004,First Semester 2023,A,3.94
S0086,C001,Second Semester 2024,A,4.0
S0086,C003,Second Semester 2024,F,0.3
S0087,C002,Second Semester 2024,D,0.83
S0088,C004,First Semester 2023,F,0.27
S0088,C001,Second Semester 2024,C,2.23
S0089,C003,First Semester 2023,C,2.08
S0089,C001,First Semester 2023,D,0.86
S0090,C004,Second Semester 2024,C,1.9
S0090,C003,Second Semester 2024,D,1.28
S0090,C001,Second Semester 2024,C,1.71
S0091,C002,First Semester 2023,B,3.09
S0091,C001,Second Semester 2024,A,4.0
S0092,C004,Second Semester 2024,A,4.0
S0092,C001,First Semester 2023,B,2.95
S0092,C002,Second Semester 2024,D,1.16
S0093,C002,Second Semester 2024,F,0.0
S0094,C001,First Semester 2023,A,4.0
S0095,C004,First Semester 2023,D,1.1
S0096,C003,First Semester 2023,C,2.2800000000000002
S0096,C002,Second Semester 2024,D,1.2
S0096,C001,Second Semester 2024,C,1.93
S0097,C004,First Semester 2023,A,3.77
S0097,C003,Second Semester 2024,C,2.26
S0098,C004,Second Semester 2024,D,0.71
S0099,C003,First Semester 2023,A,4.0
S0099,C001,First Semester 2023,C,1.81
S0099,C004,First Semester 2023,F,0.08
S0100,C002,Second Semester 2024,B,2.84
S0101,C003,Second Semester 2024,D,1.28
S0102,C002,Second Semester 2024,A,3.87
S0102,C003,Second Semester 2024,F,0.0
S0103,C001,First Semester 2023,B,3.29
S0103,C003,Second Semester 2024,D,0.77
S0103,C004,First Semester 2023,C,2.04
S0104,C001,Second Semester 2024,D,0.8
S0105,C004,First Semester 2023,B,3.1
S0106,C003,Second Semester 2024,F,0.1
S0106,C004,Second Semester 2024,F,0.04
S0106,C002,Second Semester 2024,A,4.0
S0107,C001,Second Semester 2024,A,3.78
S0107,C004,Second Semester 2024,F,0.21
S0107,C002,Second Semester 2024,F,0.14
S0108,C003,Second Semester 2024,C,1.82
S0109,C004,Second Semester 2024,A,4.0
S0109,C001,First Semester 2023,F,0.07
S0110,C004,First Semester 2023,F,0.23
S0111,C002,First Semester 2023,A,4.0
S0111,C001,Second Semester 2024,A,4.0
S0112,C004,Second Semester 2024,C,1.96
S0112,C001,Second Semester 2024,D,0.86
S0112,C003,First Semester 2023,F,0.0
S0113,C004,Second Semester 2024,C,2.01
S0113,C002,First Semester 2023,A,4.0
S0113,C003,Second Semester 2024,B,2.73
S0114,C003,First Semester 2023,D,1.02
S0115,C004,Second Semester 2024,C,1.7
S0115,C003,First Semester 2023,B,2.9
S0116,C002,Second Semester 2024,F,0.18
S0116,C004,Second Semester 2024,B,3.29
S0117,C001,First Semester 2023,D,1.27
S0117,C003,Second Semester 2024,B,2.82
S0118,C004,Second Semester 2024,C,1.89
S0118,C003,First Semester 2023,A,3.7199999999999998
S0119,C004,Second Semester 2024,D,1.18
S0120,C003,Second Semester 2024,F,0.18
S0120,C001,First Semester 2023,C,2.2
S0120,C004,First Semester 2023,B,2.76
S0121,C003,First Semester 2023,B,3.2800000000000002
S0121,C002,First Semester 2023,A,4.0
S0121,C004,Second Semester 2024,F,0.18
S0122,C003,Second Semester 2024,A,4.0
S0122,C004,Second Semester 2024,F,0.0
S0123,C003,Second Semester 2024,A,4.0
S0123,C002,First Semester 2023,F,0.0
S0123,C001,Second Semester 2024,A,4.0
S0124,C001,Second Semester 2024,D,0.89
S0124,C003,First Semester 2023,A,4.0
S0124,C002,First Semester 2023,A,4.0
S0125,C002,Second Semester 2024,D,0.73
S0125,C003,First Semester 2023,F,0.08
S0126,C001,Second Semester 2024,A,3.76
S0126,C004,Second Semester 2024,A,4.0
S0126,C003,Second Semester 2024,C,2.21
S0127,C004,Second Semester 2024,D,0.76
S0128,C001,First Semester 2023,D,0.84
S0128,C003,Second Semester 2024,F,0.17
S0128,C004,Second Semester 2024,F,0.0
S0129,C003,Second Semester 2024,D,0.98
S0129,C001,Second Semester 2024,D,1.23
S0130,C003,Second Semester 2024,F,0.0
S0130,C004,First Semester 2023,A,3.97
S0131,C003,Second Semester 2024,C,2.05
S0131,C001,First Semester 2023,A,3.76
S0131,C002,Second Semester 2024,F,0.13
S0132,C003,Second Semester 2024,F,0.17
S0132,C004,First Semester 2023,B,3.24
S0133,C004,First Semester 2023,B,3.08
S0133,C002,First Semester 2023,C,1.91
S0133,C003,First Semester 2023,D,1.13
S0134,C003,Second Semester 2024,D,0.81
S0134,C004,First Semester 2023,B,3.18
S0135,C003,First Semester 2023,A,3.78
S0135,C001,First Semester 2023,F,0.0
S0136,C002,First Semester 2023,C,1.89
S0137,C004,Second Semester 2024,F,0.17
S0138,C001,First Semester 2023,B,2.98
S0138,C003,First Semester 2023,F,0.0
S0139,C004,Second Semester 2024,C,2.2800000000000002
S0139,C002,Second Semester 2024,F,0.05
S0139,C001,First Semester 2023,B,2.73
S0140,C002,First Semester 2023,F,0.19
S0140,C003,First Semester 2023,F,0.22
S0140,C001,Second Semester 2024,D,0.91
S0141,C003,First Semester 2023,B,3.08
S0142,C001,Second Semester 2024,B,3.17
S0142,C002,Second Semester 2024,C,1.81
S0143,C004,First Semester 2023,D,1.12
S0143,C002,First Semester 2023,D,1.06
S0143,C001,Second Semester 2024,C,2.21
S0144,C002,Second Semester 2024,F,0.28
S0144,C001,First Semester 2023,F,0.0
S0145,C004,First Semester 2023,C,1.8
S0145,C002,First Semester 2023,D,1.23
S0145,C003,First Semester 2023,A,4.0
S0146,C002,Second Semester 2024,A,4.0
S0146,C001,First Semester 2023,B,2.98
S0147,C003,First Semester 2023,B,2.84
S0147,C002,Second Semester 2024,C,2.18
S0148,C001,First Semester 2023,D,0.8200000000000001
S0149,C002,Second Semester 2024,B,3.2
S0149,C004,First Semester 2023,A,3.92
S0150,C003,First Semester 2023,A,3.91
S0150,C004,First Semester 2023,F,0.0
S0151,C004,Second Semester 2024,C,1.96
S0152,C004,First Semester 2023,F,0.25
S0152,C003,First Semester 2023,C,1.73
S0152,C001,Second Semester 2024,A,3.82
S0153,C003,First Semester 2023,C,1.8
S0153,C001,First Semester 2023,C,2.13
S0153,C004,First Semester 2023,C,2.21
S0154,C004,First Semester 2023,B,2.81
S0154,C001,Second Semester 2024,A,3.81
S0155,C004,First Semester 2023,C,2.25
S0155,C001,Second Semester 2024,A,4.0
S0155,C002,First Semester 2023,B,2.93
S0156,C003,First Semester 2023,A,3.9
S0156,C004,Second Semester 2024,B,2.88
S0157,C002,First Semester 2023,B,2.92
S0157,C003,Second Semester 2024,C,2.1
S0157,C001,First Semester 2023,F,0.29
S0158,C001,Second Semester 2024,F,0.23
S0159,C004,First Semester 2023,A,3.77
S0159,C001,Second Semester 2024,B,3.18
S0160,C004,Second Semester 2024,B,3.02
S0160,C002,First Semester 2023,C,1.89
S0161,C001,Second Semester 2024,D,1.29
S0161,C004,First Semester 2023,B,3.25
S0162,C001,First Semester 2023,F,0.05
S0163,C004,Second Semester 2024,F,0.0
S0163,C003,First Semester 2023,B,2.9
S0164,C002,First Semester 2023,A,4.0
S0164,C004,First Semester 2023,C,2.22
S0165,C004,First Semester 2023,F,0.28
S0165,C003,First Semester 2023,D,0.83
S0165,C001,First Semester 2023,A,4.0
S0166,C001,Second Semester 2024,F,0.0
S0166,C004,First Semester 2023,F,0.0
S0166,C003,First Semester 2023,F,0.0
S0167,C003,First Semester 2023,F,0.0
S0168,C003,First Semester 2023,C,2.13
S0168,C004,First Semester 2023,F,0.12
S0168,C002,First Semester 2023,D,0.98
S0169,C003,First Semester 2023,F,0.0
S0169,C001,Second Semester 2024,F,0.09
S0170,C001,Second Semester 2024,B,2.83
S0170,C002,Second Semester 2024,B,2.97
S0171,C004,Second Semester 2024,B,2.94
S0171,C001,First Semester 2023,C,1.96
S0172,C002,Second Semester 2024,D,1.04
S0172,C001,First Semester 2023,C,1.85
S0173,C004,Second Semester 2024,A,3.78
S0174,C002,Second Semester 2024,A,3.88
S0174,C004,Second Semester 2024,F,0.0
S0174,C001,First Semester 2023,F,0.0
S0175,C001,First Semester 2023,F,0.07
S0175,C003,Second Semester 2024,D,0.97
S0176,C001,First Semester 2023,D,0.95
S0176,C004,First Semester 2023,D,0.89
S0176,C003,Second Semester 2024,D,0.71
S0177,C002,First Semester 2023,D,0.84
S0178,C002,First Semester 2023,A,3.92
S0178,C003,First Semester 2023,A,3.88
S0179,C003,Second Semester 2024,F,0.01
S0179,C002,Second Semester 2024,A,4.0
S0180,C003,Second Semester 2024,B,2.76
S0180,C004,First Semester 2023,A,3.92
S0181,C003,Second Semester 2024,F,0.0
S0181,C001,Second Semester 2024,B,3.11
S0182,C002,First Semester 2023,C,1.88
S0182,C003,Second Semester 2024,C,1.81
S0182,C001,First Semester 2023,F,0.3
S0183,C002,First Semester 2023,F,0.25
S0183,C004,Second Semester 2024,A,4.0
S0184,C004,First Semester 2023,C,2.19
S0184,C002,Second Semester 2024,D,1.27
S0185,C004,First Semester 2023,F,0.15
S0186,C001,First Semester 2023,A,3.98
S0186,C003,First Semester 2023,F,0.29
S0186,C004,Second Semester 2024,B,3.22
S0187,C002,First Semester 2023,B,2.84
S0187,C001,Second Semester 2024,B,2.98
S0187,C003,First Semester 2023,F,0.05
S0188,C004,First Semester 2023,F,0.15
S0188,C003,Second Semester 2024,D,0.9
S0188,C002,First Semester 2023,A,3.89
S0189,C003,First Semester 2023,B,2.96
S0189,C004,Second Semester 2024,D,0.83
S0189,C002,First Semester 2023,D,1.21
S0190,C002,Second Semester 2024,A,3.92
S0190,C001,Second Semester 2024,F,0.22
S0190,C003,First Semester 2023,C,2.27
S0191,C004,First Semester 2023,A,4.0
S0191,C003,First Semester 2023,C,1.9
S0192,C001,First Semester 2023,D,0.96
S0192,C003,Second Semester 2024,D,1.16
S0192,C004,Second Semester 2024,F,0.0
S0193,C001,First Semester 2023,F,0.0
S0193,C003,Second Semester 2024,A,4.0
S0193,C004,Second Semester 2024,B,3.29
S0194,C001,First Semester 2023,C,2.04
S0195,C004,First Semester 2023,F,0.25
S0195,C002,Second Semester 2024,F,0.22
S0195,C001,First Semester 2023,D,0.8200000000000001
S0196,C001,First Semester 2023,D,0.74
S0196,C004,Second Semester 2024,D,0.81
S0197,C002,First Semester 2023,A,3.9
S0197,C003,Second Semester 2024,D,1.08
S0198,C003,First Semester 2023,C,1.76
S0198,C002,Second Semester 2024,A,4.0
S0198,C001,First Semester 2023,B,2.7199999999999998
S0199,C001,Second Semester 2024,F,0.0
S0200,C004,Second Semester 2024,B,2.82
S0200,C002,Second Semester 2024,D,0.87
S0200,C001,Second Semester 2024,B,2.87
S0201,C004,Second Semester 2024,F,0.0
S0201,C001,Second Semester 2024,A,3.92
S0202,C001,First Semester 2023,A,3.8
S0202,C004,First Semester 2023,D,0.9299999999999999
S0202,C002,Second Semester 2024,A,3.78
S0203,C001,First Semester 2023,D,0.99
S0203,C004,Second Semester 2024,A,3.93
S0204,C001,First Semester 2023,B,2.78
S0204,C004,Second Semester 2024,B,2.89
S0205,C004,First Semester 2023,D,0.8
S0205,C001,First Semester 2023,F,0.26
S0205,C003,Second Semester 2024,F,0.0
S0206,C003,Second Semester 2024,D,0.87
S0207,C002,First Semester 2023,A,4.0
S0208,C002,Second Semester 2024,D,0.74
S0208,C001,Second Semester 2024,D,1.06
S0209,C001,First Semester 2023,B,3.02
S0210,C004,Second Semester 2024,F,0.23
S0210,C002,Second Semester 2024,D,0.98
S0211,C004,First Semester 2023,A,4.0
S0212,C002,Second Semester 2024,C,2.09
S0213,C003,Second Semester 2024,D,0.91
S0213,C004,Second Semester 2024,C,1.93
S0214,C002,Second Semester 2024,B,2.95
S0214,C004,First Semester 2023,B,3.24
S0215,C002,Second Semester 2024,D,0.97
S0215,C004,Second Semester 2024,B,3.12
S0216,C003,Second Semester 2024,A,3.94
S0217,C003,First Semester 2023,A,3.84
S0217,C001,First Semester 2023,B,2.86
S0218,C001,First Semester 2023,F,0.0
S0218,C003,Second Semester 2024,A,4.0
S0218,C002,First Semester 2023,B,3.25
S0219,C004,First Semester 2023,D,1.3
S0219,C001,First Semester 2023,F,0.0
S0219,C002,Second Semester 2024,C,1.75
S0220,C004,Second Semester 2024,A,4.0
S0221,C004,First Semester 2023,C,1.95
S0221,C003,First Semester 2023,B,2.85
S0222,C003,First Semester 2023,F,0.0
S0223,C001,Second Semester 2024,A,3.74
S0223,C003,First Semester 2023,D,0.9299999999999999
S0223,C002,First Semester 2023,D,1.21
S0224,C002,Second Semester 2024,D,0.72
S0225,C004,First Semester 2023,C,1.77
S0225,C003,First Semester 2023,B,2.9
S0226,C003,Second Semester 2024,D,0.99
S0227,C002,Second Semester 2024,A,3.75
S0228,C004,Second Semester 2024,B,3.13
S0228,C001,Second Semester 2024,D,0.78
S0229,C004,First Semester 2023,C,2.2
S0229,C002,First Semester 2023,B,3.2
S0230,C001,Second Semester 2024,F,0.0
S0231,C002,First Semester 2023,C,1.77
S0232,C002,Second Semester 2024,D,0.8
S0233,C004,Second Semester 2024,A,4.0
S0233,C001,First Semester 2023,B,2.96
S0234,C004,First Semester 2023,B,2.83
S0234,C002,Second Semester 2024,A,4.0
S0234,C001,First Semester 2023,F,0.0
S0235,C002,Second Semester 2024,A,4.0
S0236,C001,First Semester 2023,F,0.08
S0237,C002,First Semester 2023,A,3.93
S0237,C004,Second Semester 2024,C,1.97
S0238,C003,Second Semester 2024,F,0.0
S0238,C004,First Semester 2023,D,1.16
S0238,C002,Second Semester 2024,B,2.92
S0239,C002,First Semester 2023,B,2.82
S0239,C003,First Semester 2023,A,3.95
S0239,C004,First Semester 2023,A,3.9
S0240,C001,Second Semester 2024,B,3.11
S0240,C004,First Semester 2023,A,3.83
S0241,C004,First Semester 2023,A,4.0
S0241,C003,Second Semester 2024,B,3.13
S0242,C004,First Semester 2023,A,3.95
S0243,C004,Second Semester 2024,A,4.0
S0244,C003,Second Semester 2024,C,2.04
S0245,C003,First Semester 2023,B,3.07
S0246,C002,Second Semester 2024,F,0.0
S0247,C004,Second Semester 2024,D,0.77
S0247,C002,Second Semester 2024,B,2.76
S0247,C003,First Semester 2023,C,1.8
S0248,C001,First Semester 2023,D,1.09
S0248,C004,First Semester 2023,A,3.93
S0248,C002,Second Semester 2024,D,0.83
S0249,C004,First Semester 2023,C,2.09
S0249,C003,First Semester 2023,C,1.73
S0250,C003,Second Semester 2024,B,2.95
S0250,C004,First Semester 2023,F,0.0
S0250,C001,First Semester 2023,A,4.0
S0251,C002,Second Semester 2024,F,0.0
S0251,C004,Second Semester 2024,A,4.0
S0251,C001,Second Semester 2024,D,1.11
S0252,C002,Second Semester 2024,B,2.9
S0253,C004,First Semester 2023,C,2.29
S0253,C001,First Semester 2023,D,0.74
S0253,C003,Second Semester 2024,A,4.0
S0254,C002,Second Semester 2024,F,0.0
S0254,C004,Second Semester 2024,F,0.08
S0255,C001,First Semester 2023,B,3.0
S0255,C004,First Semester 2023,A,3.84
S0255,C002,First Semester 2023,F,0.16
S0256,C003,First Semester 2023,A,3.89
S0257,C004,Second Semester 2024,D,1.15
S0257,C001,Second Semester 2024,F,0.0
S0258,C001,First Semester 2023,B,2.92
S0258,C003,Second Semester 2024,C,1.82
S0259,C004,Second Semester 2024,D,0.8200000000000001
S0259,C002,First Semester 2023,A,3.84
S0260,C004,Second Semester 2024,F,0.29
S0261,C004,First Semester 2023,D,1.1400000000000001
S0261,C001,Second Semester 2024,C,1.78
S0261,C002,Second Semester 2024,C,2.09
S0262,C002,Second Semester 2024,A,4.0
S0262,C003,First Semester 2023,D,1.09
S0262,C004,First Semester 2023,C,2.15
S0263,C001,First Semester 2023,B,3.21
S0263,C004,Second Semester 2024,C,1.91
S0264,C002,First Semester 2023,B,3.02
S0264,C003,Second Semester 2024,B,3.18
S0265,C001,Second Semester 2024,B,3.06
S0265,C003,First Semester 2023,D,1.01
S0266,C002,Second Semester 2024,B,2.97
S0266,C001,First Semester 2023,A,3.74
S0266,C004,First Semester 2023,D,0.74
S0267,C001,First Semester 2023,B,2.73
S0268,C002,First Semester 2023,B,3.26
S0269,C004,Second Semester 2024,B,2.76
S0269,C001,Second Semester 2024,F,0.03
S0269,C003,First Semester 2023,B,2.84
S0270,C002,Second Semester 2024,A,3.96
S0271,C001,Second Semester 2024,D,0.89
S0271,C004,First Semester 2023,B,2.85
S0271,C002,First Semester 2023,B,3.06
S0272,C002,First Semester 2023,C,1.87
S0272,C001,Second Semester 2024,D,1.28
S0272,C003,First Semester 2023,B,2.86
S0273,C002,First Semester 2023,D,0.75
S0273,C004,First Semester 2023,C,1.94
S0273,C003,First Semester 2023,B,2.98
S0274,C004,Second Semester 2024,D,1.0
S0274,C002,First Semester 2023,D,1.16
S0274,C003,First Semester 2023,D,0.71
S0275,C003,Second Semester 2024,D,0.96
S0275,C004,First Semester 2023,A,4.0
S0275,C001,Second Semester 2024,C,2.06
S0276,C001,Second Semester 2024,B,3.03
S0276,C004,First Semester 2023,B,2.85
S0276,C002,First Semester 2023,D,0.88
S0277,C003,Second Semester 2024,C,1.93
S0278,C004,First Semester 2023,F,0.0
S0278,C002,First Semester 2023,C,1.78
S0279,C001,First Semester 2023,D,0.8200000000000001
S0279,C004,First Semester 2023,B,2.7
S0279,C002,Second Semester 2024,F,0.14
S0280,C004,First Semester 2023,C,1.99
S0280,C002,First Semester 2023,D,1.26
S0280,C003,First Semester 2023,C,1.93
S0281,C002,First Semester 2023,C,2.08
S0282,C004,First Semester 2023,F,0.0
S0282,C003,Second Semester 2024,A,4.0
S0283,C001,First Semester 2023,A,3.93
S0284,C001,First Semester 2023,F,0.0
S0284,C002,First Semester 2023,D,1.27
S0285,C002,First Semester 2023,C,2.01
S0286,C003,Second Semester 2024,D,1.08
S0286,C004,Second Semester 2024,C,2.12
S0287,C003,First Semester 2023,D,1.26
S0287,C004,Second Semester 2024,B,2.85
S0287,C001,First Semester 2023,A,4.0
S0288,C001,Second Semester 2024,C,2.08
S0288,C002,Second Semester 2024,A,4.0
S0288,C003,First Semester 2023,B,2.86
S0289,C003,First Semester 2023,D,1.27
S0290,C001,First Semester 2023,B,2.85
S0290,C004,First Semester 2023,F,0.05
S0290,C003,Second Semester 2024,B,2.71
S0291,C002,First Semester 2023,A,4.0
S0291,C001,Second Semester 2024,D,0.94
S0292,C002,Second Semester 2024,F,0.28
S0292,C004,First Semester 2023,A,4.0
S0293,C001,First Semester 2023,B,3.23
S0293,C003,First Semester 2023,B,3.2
S0294,C004,First Semester 2023,C,2.12
S0295,C003,First Semester 2023,F,0.28
S0295,C002,Second Semester 2024,D,1.05
S0296,C002,Second Semester 2024,D,1.15
S0296,C004,First Semester 2023,A,3.77
S0297,C004,First Semester 2023,F,0.17
S0297,C001,First Semester 2023,C,2.19
S0298,C002,Second Semester 2024,C,2.15
S0299,C001,Second Semester 2024,D,1.12
S0299,C002,Second Semester 2024,A,4.0
S0299,C004,First Semester 2023,D,0.7
S0300,C004,Second Semester 2024,A,4.0
S0301,C003,First Semester 2023,D,1.01
S0302,C004,Second Semester 2024,C,2.14
S0303,C001,First Semester 2023,B,2.81
S0303,C003,Second Semester 2024,B,3.12
S0303,C004,First Semester 2023,B,2.99
S0304,C002,Second Semester 2024,F,0.27
S0304,C001,Second Semester 2024,D,1.04
S0304,C004,Second Semester 2024,B,2.81
S0305,C003,First Semester 2023,A,4.0
S0305,C001,First Semester 2023,B,2.86
S0306,C002,First Semester 2023,D,0.96
S0307,C004,Second Semester 2024,F,0.0
S0307,C002,Second Semester 2024,B,2.75
S0308,C003,Second Semester 2024,A,3.93
S0308,C002,First Semester 2023,C,1.74
S0309,C003,First Semester 2023,A,4.0
S0309,C004,First Semester 2023,D,0.99
S0309,C001,First Semester 2023,A,3.71
S0310,C001,Second Semester 2024,C,2.15
S0310,C003,First Semester 2023,A,4.0
S0311,C004,First Semester 2023,A,3.76
S0311,C003,Second Semester 2024,F,0.18
S0312,C001,First Semester 2023,D,1.06
S0313,C002,First Semester 2023,C,2.26
S0314,C001,Second Semester 2024,D,1.15
S0314,C003,First Semester 2023,F,0.0
S0315,C004,First Semester 2023,C,2.11
S0316,C001,Second Semester 2024,C,2.3
S0316,C004,First Semester 2023,B,3.26
S0317,C004,First Semester 2023,D,0.9299999999999999
S0317,C002,Second Semester 2024,A,4.0
S0318,C002,Second Semester 2024,C,2.18
S0318,C001,Second Semester 2024,A,3.97
S0319,C002,Second Semester 2024,D,1.1400000000000001
S0320,C004,First Semester 2023,B,2.7199999999999998
S0320,C001,Second Semester 2024,A,4.0
S0321,C002,First Semester 2023,C,2.27
S0321,C003,First Semester 2023,B,2.92
S0322,C003,Second Semester 2024,F,0.11
S0322,C002,Second Semester 2024,D,1.01
S0322,C004,Second Semester 2024,B,2.7
S0323,C003,First Semester 2023,C,1.71
S0324,C001,Second Semester 2024,C,2.22
S0324,C002,First Semester 2023,C,2.11
S0325,C002,First Semester 2023,B,3.06
S0326,C001,Second Semester 2024,D,1.1400000000000001
S0326,C004,First Semester 2023,A,3.91
S0326,C002,Second Semester 2024,D,1.29
S0327,C003,Second Semester 2024,A,4.0
S0327,C004,First Semester 2023,C,2.06
S0327,C001,First Semester 2023,B,3.22
S0328,C003,First Semester 2023,F,0.17
S0328,C001,First Semester 2023,F,0.0
S0328,C002,First Semester 2023,D,1.18
S0329,C004,First Semester 2023,C,2.2
S0329,C001,Second Semester 2024,F,0.29
S0329,C002,First Semester 2023,D,0.8
S0330,C001,First Semester 2023,D,1.27
S0331,C002,First Semester 2023,D,1.1
S0331,C001,Second Semester 2024,B,2.85
S0331,C004,First Semester 2023,B,3.15
S0332,C003,First Semester 2023,A,3.76
S0332,C001,Second Semester 2024,A,3.8
S0333,C003,Second Semester 2024,C,2.24
S0333,C001,First Semester 2023,C,1.83
S0334,C003,First Semester 2023,C,2.1
S0334,C001,First Semester 2023,A,4.0
S0335,C004,First Semester 2023,F,0.08
S0335,C003,Second Semester 2024,D,0.75
S0335,C001,First Semester 2023,C,2.22
S0336,C001,Second Semester 2024,F,0.16
S0336,C002,First Semester 2023,F,0.0
S0336,C004,Second Semester 2024,C,1.93
S0337,C001,Second Semester 2024,D,1.09
S0338,C003,First Semester 2023,F,0.28
S0339,C001,First Semester 2023,D,1.19
S0339,C002,First Semester 2023,B,2.86
S0339,C003,Second Semester 2024,C,1.75
S0340,C004,Second Semester 2024,A,3.9
S0340,C001,Second Semester 2024,F,0.26
S0340,C002,Second Semester 2024,A,4.0
S0341,C002,Second Semester 2024,B,3.21
S0341,C001,First Semester 2023,D,1.05
S0342,C003,Second Semester 2024,A,3.89
S0343,C003,First Semester 2023,F,0.02
S0344,C001,First Semester 2023,D,1.29
S0345,C004,Second Semester 2024,C,2.16
S0345,C003,First Semester 2023,B,3.01
S0345,C001,Second Semester 2024,F,0.05
S0346,C001,Second Semester 2024,A,3.94
S0347,C004,Second Semester 2024,F,0.21
S0348,C003,First Semester 2023,C,1.79
S0348,C001,Second Semester 2024,C,2.2
S0349,C004,Second Semester 2024,D,1.11
S0349,C001,Second Semester 2024,B,3.06
S0349,C003,Second Semester 2024,B,3.15
S0350,C004,First Semester 2023,A,4.0
S0350,C001,First Semester 2023,C,2.0
S0350,C003,Second Semester 2024,A,3.86
S0351,C001,Second Semester 2024,F,0.0
S0351,C002,Second Semester 2024,B,3.0
S0352,C001,Second Semester 2024,D,0.74
S0352,C003,Second Semester 2024,C,1.79
S0353,C002,First Semester 2023,B,3.21
S0353,C004,Second Semester 2024,B,3.12
S0354,C002,First Semester 2023,A,4.0
S0354,C004,First Semester 2023,B,3.21
S0355,C003,First Semester 2023,D,0.88
S0355,C004,First Semester 2023,B,3.29
S0355,C002,Second Semester 2024,F,0.0
S0356,C004,Second Semester 2024,D,1.11
S0356,C003,First Semester 2023,C,2.15
S0356,C001,First Semester 2023,D,0.74
S0357,C002,First Semester 2023,C,1.87
S0357,C001,First Semester 2023,B,3.12
S0357,C004,First Semester 2023,F,0.0
S0358,C001,Second Semester 2024,B,2.89
S0358,C003,First Semester 2023,F,0.22
S0359,C003,First Semester 2023,A,4.0
S0359,C004,Second Semester 2024,C,1.97
S0360,C003,Second Semester 2024,B,3.05
S0360,C002,Second Semester 2024,D,1.12
S0361,C002,First Semester 2023,C,2.24
S0361,C001,First Semester 2023,B,2.83
S0362,C003,Second Semester 2024,B,3.14
S0362,C002,Second Semester 2024,A,3.92
S0362,C004,Second Semester 2024,F,0.0
S0363,C003,Second Semester 2024,B,2.93
S0364,C004,Second Semester 2024,D,1.11
S0364,C001,First Semester 2023,B,3.26
S0364,C002,Second Semester 2024,A,3.91
S0365,C001,Second Semester 2024,D,0.81
S0365,C002,Second Semester 2024,A,3.77
S0366,C001,Second Semester 2024,F,0.09
S0366,C004,Second Semester 2024,F,0.0
S0366,C003,Second Semester 2024,B,3.08
S0367,C001,Second Semester 2024,D,0.85
S0367,C004,Second Semester 2024,A,3.84
S0368,C003,First Semester 2023,D,0.88
S0368,C001,Second Semester 2024,F,0.27
S0369,C004,First Semester 2023,D,1.17
S0369,C001,First Semester 2023,A,4.0
S0369,C003,First Semester 2023,D,0.87
S0370,C001,First Semester 2023,D,0.92
S0370,C002,Second Semester 2024,A,3.77
S0371,C004,First Semester 2023,A,3.99
S0371,C003,Second Semester 2024,F,0.0
S0371,C001,Second Semester 2024,F,0.04
S0372,C003,First Semester 2023,F,0.0
S0372,C002,First Semester 2023,A,4.0
S0373,C004,First Semester 2023,B,2.93
S0374,C002,First Semester 2023,D,0.88
S0374,C001,Second Semester 2024,B,2.76
S0374,C003,First Semester 2023,A,4.0
S0375,C004,First Semester 2023,F,0.0
S0376,C001,First Semester 2023,A,3.94
S0377,C003,Second Semester 2024,F,0.17
S0377,C004,Second Semester 2024,F,0.0
S0377,C002,Second Semester 2024,F,0.2
S0378,C003,Second Semester 2024,F,0.13
S0378,C004,First Semester 2023,A,4.0
S0379,C003,Second Semester 2024,B,3.2800000000000002
S0379,C004,First Semester 2023,A,3.81
S0379,C002,First Semester 2023,F,0.12
S0380,C003,Second Semester 2024,A,4.0
S0380,C002,Second Semester 2024,C,1.77
S0381,C002,First Semester 2023,B,3.05
S0382,C003,First Semester 2023,B,2.75
S0382,C004,First Semester 2023,C,2.21
S0383,C003,Second Semester 2024,A,3.75
S0383,C002,Second Semester 2024,A,4.0
S0384,C002,Second Semester 2024,C,2.2800000000000002
S0385,C002,Second Semester 2024,B,2.95
S0385,C003,Second Semester 2024,A,3.85
S0385,C004,First Semester 2023,A,4.0
S0386,C004,First Semester 2023,F,0.24
S0387,C002,Second Semester 2024,C,2.1
S0387,C003,First Semester 2023,D,0.78
S0388,C002,Second Semester 2024,D,1.12
S0388,C003,Second Semester 2024,F,0.25
S0389,C003,First Semester 2023,C,2.06
S0389,C002,First Semester 2023,F,0.0
S0390,C001,First Semester 2023,A,4.0
S0390,C002,Second Semester 2024,A,3.84
S0390,C004,Second Semester 2024,B,2.79
S0391,C002,First Semester 2023,B,3.27
S0392,C004,Second Semester 2024,F,0.03
S0392,C003,Second Semester 2024,F,0.0
S0393,C001,Second Semester 2024,B,3.14
S0394,C002,First Semester 2023,D,0.74
S0394,C004,Second Semester 2024,C,1.8599999999999999
S0394,C001,First Semester 2023,B,2.94
S0395,C004,First Semester 2023,A,4.0
S0396,C004,Second Semester 2024,D,1.26
S0396,C003,Second Semester 2024,B,3.02
S0396,C002,First Semester 2023,A,4.0
S0397,C002,First Semester 2023,C,2.3
S0397,C003,First Semester 2023,B,3.13
S0397,C004,First Semester 2023,F,0.09
S0398,C002,Second Semester 2024,F,0.06
S0398,C001,First Semester 2023,D,1.19
S0398,C004,Second Semester 2024,C,2.3
S0399,C001,Second Semester 2024,D,0.9299999999999999
S0400,C003,First Semester 2023,F,0.0
S0400,C002,Second Semester 2024,C,1.77
S0401,C002,Second Semester 2024,A,4.0
S0402,C002,First Semester 2023,D,0.74
S0403,C001,First Semester 2023,A,3.92
S0403,C003,First Semester 2023,C,2.17
S0403,C004,Second Semester 2024,B,3.22
S0404,C001,First Semester 2023,B,2.86
S0404,C003,First Semester 2023,A,3.93
S0404,C004,First Semester 2023,B,2.93
S0405,C004,Second Semester 2024,A,4.0
S0405,C001,First Semester 2023,A,3.81
S0406,C001,First Semester 2023,C,2.05
S0406,C002,Second Semester 2024,D,0.76
S0406,C003,First Semester 2023,C,2.12
S0407,C001,Second Semester 2024,C,2.03
S0408,C004,First Semester 2023,F,0.0
S0409,C003,First Semester 2023,A,3.8
S0410,C004,First Semester 2023,D,0.81
S0410,C002,Second Semester 2024,F,0.03
S0410,C001,Second Semester 2024,D,0.99
S0411,C001,First Semester 2023,B,2.86
S0412,C001,Second Semester 2024,F,0.13
S0413,C001,First Semester 2023,B,2.79
S0414,C002,Second Semester 2024,F,0.14
S0414,C004,First Semester 2023,A,4.0
S0414,C003,First Semester 2023,C,2.12
S0415,C003,Second Semester 2024,B,3.11
S0415,C004,First Semester 2023,D,1.12
S0416,C001,First Semester 2023,B,2.96
S0417,C002,Second Semester 2024,C,2.18
S0417,C004,Second Semester 2024,F,0.0
S0417,C003,First Semester 2023,D,1.01
S0418,C002,Second Semester 2024,B,2.88
S0418,C001,Second Semester 2024,A,4.0
S0419,C004,First Semester 2023,D,1.16
S0419,C002,First Semester 2023,A,4.0
S0420,C001,Second Semester 2024,A,4.0
S0420,C004,Second Semester 2024,A,3.8
S0420,C003,Second Semester 2024,A,3.75
S0421,C004,First Semester 2023,C,2.03
S0421,C002,Second Semester 2024,D,1.19
S0421,C001,Second Semester 2024,A,4.0
S0422,C001,Second Semester 2024,D,1.11
S0423,C001,First Semester 2023,B,2.99
S0423,C003,Second Semester 2024,F,0.11
S0424,C001,Second Semester 2024,F,0.12
S0424,C002,Second Semester 2024,D,0.71
S0424,C004,First Semester 2023,B,3.25
S0425,C002,Second Semester 2024,A,4.0
S0425,C003,First Semester 2023,F,0.15
S0425,C004,Second Semester 2024,B,3.3
S0426,C003,First Semester 2023,F,0.11
S0426,C001,Second Semester 2024,A,4.0
S0427,C001,Second Semester 2024,B,3.1
S0428,C004,Second Semester 2024,F,0.24
S0428,C001,First Semester 2023,B,2.75
S0428,C002,First Semester 2023,B,3.01
S0429,C004,First Semester 2023,A,3.95
S0429,C001,Second Semester 2024,D,0.8
S0430,C002,Second Semester 2024,A,3.9
S0430,C003,First Semester 2023,B,3.2
S0430,C004,Second Semester 2024,A,3.87
S0431,C004,Second Semester 2024,D,0.88
S0431,C003,First Semester 2023,B,2.7
S0431,C002,First Semester 2023,F,0.0
S0432,C003,Second Semester 2024,C,2.26
S0432,C004,Second Semester 2024,F,0.2
S0433,C001,First Semester 2023,A,4.0
S0434,C004,First Semester 2023,F,0.21
S0435,C002,Second Semester 2024,A,3.91
S0435,C001,Second Semester 2024,F,0.0
S0435,C003,Second Semester 2024,C,1.91
S0436,C001,First Semester 2023,A,3.91
S0436,C003,Second Semester 2024,B,2.94
S0437,C002,First Semester 2023,A,3.76
S0437,C004,Second Semester 2024,D,0.8200000000000001
S0437,C001,Second Semester 2024,F,0.01
S0438,C002,First Semester 2023,B,2.95
S0439,C003,Second Semester 2024,D,0.7
S0439,C004,First Semester 2023,C,1.84
S0440,C003,Second Semester 2024,D,0.92
S0440,C002,First Semester 2023,C,1.96
S0441,C003,First Semester 2023,B,3.02
S0441,C004,First Semester 2023,C,1.77
S0441,C002,Second Semester 2024,D,1.09
S0442,C002,First Semester 2023,D,0.8
S0442,C003,Second Semester 2024,C,2.15
S0443,C003,Second Semester 2024,A,3.92
S0444,C004,Second Semester 2024,B,2.77
S0444,C003,First Semester 2023,C,1.72
S0444,C002,Second Semester 2024,D,0.95
S0445,C001,First Semester 2023,C,2.24
S0446,C003,Second Semester 2024,B,3.1
S0447,C003,First Semester 2023,D,1.28
S0448,C003,Second Semester 2024,C,1.77
S0449,C002,First Semester 2023,D,1.03
S0449,C003,Second Semester 2024,B,2.89
S0449,C004,First Semester 2023,D,1.0
S0450,C004,Second Semester 2024,D,0.78
S0450,C003,First Semester 2023,A,4.0
S0451,C003,First Semester 2023,B,2.79
S0451,C001,Second Semester 2024,F,0.0
S0451,C002,First Semester 2023,B,2.73
S0452,C003,Second Semester 2024,C,1.96
S0453,C001,First Semester 2023,F,0.14
S0453,C004,First Semester 2023,D,0.99
S0453,C003,Second Semester 2024,C,1.99
S0454,C002,Second Semester 2024,D,0.85
S0454,C001,Second Semester 2024,B,3.14
S0455,C002,Second Semester 2024,B,2.85
S0455,C001,First Semester 2023,A,4.0
S0455,C003,Second Semester 2024,B,3.1
S0456,C003,First Semester 2023,D,0.8200000000000001
S0456,C001,First Semester 2023,A,4.0
S0456,C002,First Semester 2023,F,0.07
S0457,C004,First Semester 2023,B,3.3
S0457,C001,Second Semester 2024,F,0.08
S0457,C002,Second Semester 2024,B,2.84
S0458,C004,First Semester 2023,B,2.94
S0459,C003,First Semester 2023,C,2.29
S0459,C002,Second Semester 2024,B,2.96
S0459,C001,First Semester 2023,F,0.0
S0460,C003,Second Semester 2024,A,3.93
S0460,C001,Second Semester 2024,F,0.0
S0461,C003,First Semester 2023,B,2.83
S0462,C001,First Semester 2023,D,0.99
S0462,C004,First Semester 2023,F,0.0
S0462,C003,First Semester 2023,A,3.88
S0463,C001,Second Semester 2024,C,1.92
S0463,C004,First Semester 2023,C,2.13
S0464,C002,Second Semester 2024,B,2.89
S0464,C001,First Semester 2023,A,3.81
S0464,C004,First Semester 2023,A,3.73
S0465,C001,First Semester 2023,C,1.83
S0465,C003,Second Semester 2024,D,0.87
S0466,C004,Second Semester 2024,F,0.0
S0466,C002,Second Semester 2024,B,2.85
S0467,C001,First Semester 2023,D,0.92
S0468,C001,Second Semester 2024,C,1.77
S0468,C003,First Semester 2023,A,4.0
S0468,C004,Second Semester 2024,B,2.9
S0469,C003,Second Semester 2024,C,2.15
S0470,C001,First Semester 2023,F,0.02
S0470,C002,First Semester 2023,C,1.84
S0471,C004,First Semester 2023,C,1.83
S0471,C003,Second Semester 2024,D,0.75
S0471,C002,First Semester 2023,A,3.78
S0472,C001,Second Semester 2024,F,0.0
S0473,C001,Second Semester 2024,F,0.28
S0473,C002,Second Semester 2024,B,2.82
S0473,C004,First Semester 2023,D,1.26
S0474,C002,Second Semester 2024,A,4.0
S0475,C002,First Semester 2023,F,0.0
S0476,C001,First Semester 2023,D,1.29
S0476,C002,First Semester 2023,B,3.02
S0477,C004,First Semester 2023,B,2.73
S0477,C002,First Semester 2023,B,2.95
S0477,C003,Second Semester 2024,C,2.23
S0478,C002,Second Semester 2024,F,0.29
S0479,C003,Second Semester 2024,C,1.97
S0479,C004,First Semester 2023,A,4.0
S0480,C003,First Semester 2023,A,3.99
S0480,C002,Second Semester 2024,F,0.26
S0480,C004,First Semester 2023,F,0.17
S0481,C004,First Semester 2023,B,3.06
S0481,C002,Second Semester 2024,B,2.87
S0481,C003,Second Semester 2024,F,0.0
S0482,C003,First Semester 2023,B,3.14
S0482,C002,First Semester 2023,D,1.0
S0483,C002,Second Semester 2024,F,0.22
S0484,C001,First Semester 2023,A,3.8
S0484,C003,First Semester 2023,F,0.0
S0484,C004,Second Semester 2024,D,0.94
S0485,C001,Second Semester 2024,C,1.82
S0486,C004,Second Semester 2024,A,3.8
S0486,C003,First Semester 2023,B,3.06
S0486,C001,Second Semester 2024,A,4.0
S0487,C001,Second Semester 2024,F,0.0
S0487,C002,First Semester 2023,F,0.0
S0488,C002,First Semester 2023,B,2.88
S0489,C002,First Semester 2023,C,2.03
S0490,C004,First Semester 2023,B,2.83
S0490,C002,First Semester 2023,F,0.0
S0490,C001,Second Semester 2024,A,4.0
S0491,C001,First Semester 2023,C,2.26
S0492,C004,Second Semester 2024,C,2.22
S0492,C002,First Semester 2023,A,4.0
S0493,C001,Second Semester 2024,B,3.29
S0493,C003,Second Semester 2024,B,3.02
S0494,C002,Second Semester 2024,A,4.0
S0494,C004,First Semester 2023,F,0.28
S0494,C003,Second Semester 2024,C,1.75
S0495,C004,Second Semester 2024,F,0.0
S0496,C004,First Semester 2023,B,2.95
S0496,C003,First Semester 2023,F,0.0
S0497,C002,First Semester 2023,A,4.0
S0498,C003,First Semester 2023,A,4.0
S0498,C001,Second Semester 2024,B,3.14
S0498,C004,First Semester 2023,C,1.81
S0499,C004,Second Semester 2024,A,4.0
S0500,C004,Second Semester 2024,F,0.0
S0501,C002,Second Semester 2024,D,1.27
S0502,C001,First Semester 2023,C,2.22
S0503,C002,First Semester 2023,F,0.03
S0503,C001,First Semester 2023,D,0.83
S0503,C003,First Semester 2023,C,1.82
S0504,C001,Second Semester 2024,D,0.79
S0504,C003,First Semester 2023,B,3.14
S0505,C004,First Semester 2023,D,0.92
S0505,C002,First Semester 2023,D,0.76
S0505,C001,First Semester 2023,B,2.98
S0506,C003,Second Semester 2024,B,2.81
S0506,C001,First Semester 2023,D,1.27
S0506,C002,Second Semester 2024,B,3.09
S0507,C001,First Semester 2023,A,3.89
S0508,C004,First Semester 2023,B,3.19
S0508,C001,First Semester 2023,F,0.0
S0508,C003,First Semester 2023,B,2.74
S0509,C002,First Semester 2023,B,2.97
S0509,C003,Second Semester 2024,D,0.76
S0510,C003,Second Semester 2024,F,0.0
S0510,C001,Second Semester 2024,A,4.0
S0511,C001,First Semester 2023,D,0.9299999999999999
S0511,C002,Second Semester 2024,A,4.0
S0512,C003,Second Semester 2024,A,3.78
S0513,C001,First Semester 2023,A,3.86
S0514,C001,Second Semester 2024,F,0.0
S0514,C003,First Semester 2023,A,4.0
S0514,C004,Second Semester 2024,A,4.0
S0515,C001,Second Semester 2024,C,2.21
S0515,C004,Second Semester 2024,A,3.82
S0516,C004,Second Semester 2024,D,1.16
S0516,C003,Second Semester 2024,D,1.19
S0516,C002,Second Semester 2024,C,1.9
S0517,C004,Second Semester 2024,B,2.85
S0517,C001,Second Semester 2024,F,0.12
S0517,C002,Second Semester 2024,F,0.0
S0518,C002,First Semester 2023,A,3.76
S0518,C003,First Semester 2023,C,1.76
S0519,C002,Second Semester 2024,D,0.79
S0519,C001,First Semester 2023,B,2.71
S0519,C003,Second Semester 2024,D,0.9299999999999999
S0520,C001,First Semester 2023,C,2.09
S0521,C004,Second Semester 2024,B,3.25
S0521,C001,Second Semester 2024,D,1.11
S0521,C003,First Semester 2023,A,4.0
S0522,C004,Second Semester 2024,A,3.83
S0522,C003,First Semester 2023,C,1.91
S0523,C004,First Semester 2023,F,0.0
S0523,C002,Second Semester 2024,C,2.25
S0523,C001,First Semester 2023,A,4.0
S0524,C002,First Semester 2023,F,0.0
S0524,C003,First Semester 2023,D,1.02
S0524,C001,First Semester 2023,F,0.0
S0525,C003,Second Semester 2024,D,0.79
S0526,C004,First Semester 2023,C,2.07
S0526,C002,First Semester 2023,C,1.91
S0526,C001,Second Semester 2024,A,3.86
S0527,C003,First Semester 2023,D,1.1
S0527,C002,First Semester 2023,C,2.19
S0527,C004,Second Semester 2024,A,4.0
S0528,C003,First Semester 2023,B,3.17
S0529,C001,Second Semester 2024,B,2.89
S0529,C003,First Semester 2023,D,0.97
S0529,C004,Second Semester 2024,D,1.19
S0530,C003,Second Semester 2024,A,4.0
S0530,C004,Second Semester 2024,C,1.79
S0530,C002,Second Semester 2024,C,2.3
S0531,C004,Second Semester 2024,B,3.16
S0531,C003,Second Semester 2024,C,1.89
S0531,C001,Second Semester 2024,D,0.99
S0532,C002,Second Semester 2024,D,1.06
S0533,C001,Second Semester 2024,C,1.78
S0533,C003,Second Semester 2024,B,2.93
S0534,C003,First Semester 2023,F,0.0
S0534,C001,Second Semester 2024,F,0.0
S0535,C003,First Semester 2023,F,0.19
S0536,C002,First Semester 2023,D,0.75
S0536,C004,First Semester 2023,D,1.02
S0536,C001,First Semester 2023,B,3.12
S0537,C002,Second Semester 2024,B,2.92
S0538,C001,First Semester 2023,B,3.3
S0539,C004,First Semester 2023,A,3.92
S0539,C003,Second Semester 2024,D,1.27
S0539,C001,Second Semester 2024,A,3.74
S0540,C003,Second Semester 2024,C,1.92
S0540,C002,First Semester 2023,B,2.88
S0540,C001,First Semester 2023,B,3.2
S0541,C004,Second Semester 2024,F,0.28
S0541,C002,First Semester 2023,D,0.85
S0541,C001,First Semester 2023,B,2.73
S0542,C004,First Semester 2023,B,2.77
S0542,C002,First Semester 2023,B,2.93
S0542,C001,First Semester 2023,A,4.0
S0543,C003,Second Semester 2024,D,0.92
S0543,C001,Second Semester 2024,A,4.0
S0544,C003,Second Semester 2024,A,3.99
S0544,C002,First Semester 2023,F,0.22
S0544,C001,Second Semester 2024,A,3.79
S0545,C003,First Semester 2023,B,2.75
S0545,C002,First Semester 2023,A,3.71
S0546,C002,First Semester 2023,D,0.79
S0546,C001,Second Semester 2024,B,2.98
S0546,C004,First Semester 2023,B,3.15
S0547,C002,First Semester 2023,C,1.98
S0547,C004,Second Semester 2024,C,1.97
S0547,C001,Second Semester 2024,A,3.87
S0548,C003,First Semester 2023,B,2.74
S0548,C004,First Semester 2023,A,4.0
S0549,C001,First Semester 2023,B,3.0
S0550,C001,Second Semester 2024,A,3.94
S0550,C002,Second Semester 2024,D,1.11
S0551,C003,Second Semester 2024,D,1.03
S0551,C002,Second Semester 2024,C,2.25
S0551,C001,First Semester 2023,F,0.0
S0552,C002,Second Semester 2024,B,2.95
S0552,C004,Second Semester 2024,B,2.86
S0552,C003,Second Semester 2024,A,4.0
S0553,C003,First Semester 2023,B,3.15
S0553,C002,Second Semester 2024,D,1.07
S0554,C004,First Semester 2023,B,2.94
S0554,C001,First Semester 2023,F,0.06
S0554,C003,Second Semester 2024,A,4.0
S0555,C003,Second Semester 2024,D,0.99
S0555,C004,Second Semester 2024,D,1.2
S0556,C004,First Semester 2023,B,2.73
S0556,C002,First Semester 2023,C,2.09
S0556,C001,First Semester 2023,B,2.86
S0557,C001,First Semester 2023,A,3.75
S0557,C004,First Semester 2023,F,0.17
S0558,C004,First Semester 2023,C,1.72
S0559,C001,Second Semester 2024,C,1.8
S0559,C004,First Semester 2023,A,3.74
S0560,C004,First Semester 2023,F,0.0
S0560,C002,Second Semester 2024,C,1.81
S0560,C001,First Semester 2023,B,3.08
S0561,C002,Second Semester 2024,A,3.84
S0561,C001,Second Semester 2024,A,4.0
S0561,C003,Second Semester 2024,F,0.0
S0562,C002,First Semester 2023,D,0.73
S0562,C003,Second Semester 2024,C,1.76
S0563,C004,Second Semester 2024,C,1.71
S0563,C003,First Semester 2023,C,2.15
S0563,C002,Second Semester 2024,D,1.0
S0564,C004,First Semester 2023,C,2.15
S0564,C002,First Semester 2023,C,2.2800000000000002
S0565,C002,Second Semester 2024,A,3.9
S0565,C004,First Semester 2023,F,0.0
S0565,C003,Second Semester 2024,B,2.71
S0566,C001,Second Semester 2024,D,0.99
S0566,C002,First Semester 2023,A,3.87
S0567,C003,Second Semester 2024,B,3.11
S0567,C001,First Semester 2023,A,4.0
S0567,C002,Second Semester 2024,A,4.0
S0568,C003,First Semester 2023,B,3.23
S0569,C002,Second Semester 2024,B,3.16
S0569,C003,Second Semester 2024,B,3.3
S0569,C004,First Semester 2023,F,0.01
S0570,C002,Second Semester 2024,F,0.09
S0571,C004,Second Semester 2024,C,1.97
S0571,C003,Second Semester 2024,B,2.9
S0571,C002,Second Semester 2024,C,2.07
S0572,C001,First Semester 2023,D,0.72
S0573,C003,Second Semester 2024,D,0.84
S0574,C004,First Semester 2023,F,0.06
S0574,C003,First Semester 2023,B,3.04
S0574,C001,Second Semester 2024,D,0.76
S0575,C004,Second Semester 2024,A,3.79
S0575,C002,Second Semester 2024,C,2.03
S0576,C003,First Semester 2023,A,4.0
S0577,C003,Second Semester 2024,D,0.89
S0578,C004,Second Semester 2024,C,1.8
S0578,C001,First Semester 2023,C,2.05
S0578,C003,First Semester 2023,C,1.75
S0579,C002,First Semester 2023,B,3.13
S0579,C003,Second Semester 2024,D,0.85
S0580,C002,Second Semester 2024,D,1.29
S0581,C003,First Semester 2023,D,1.09
S0581,C002,First Semester 2023,B,3.26
S0581,C001,Second Semester 2024,F,0.0
S0582,C002,First Semester 2023,C,2.22
S0582,C004,First Semester 2023,D,0.95
S0583,C004,Second Semester 2024,F,0.25
S0584,C003,First Semester 2023,B,2.96
S0585,C001,First Semester 2023,F,0.21
S0586,C004,Second Semester 2024,C,1.92
S0586,C003,First Semester 2023,D,1.0
S0586,C001,Second Semester 2024,C,2.23
S0587,C003,First Semester 2023,A,4.0
S0587,C004,First Semester 2023,A,4.0
S0587,C001,First Semester 2023,B,3.12
S0588,C002,Second Semester 2024,F,0.0
S0588,C004,First Semester 2023,A,3.87
S0589,C004,Second Semester 2024,B,3.04
S0589,C002,Second Semester 2024,A,3.83
S0589,C001,Second Semester 2024,D,1.1
S0590,C004,First Semester 2023,C,1.98
S0590,C001,Second Semester 2024,F,0.24
S0591,C004,First Semester 2023,D,0.77
S0591,C002,First Semester 2023,B,3.14
S0591,C001,Second Semester 2024,D,1.16
S0592,C003,Second Semester 2024,B,2.94
S0592,C002,First Semester 2023,A,3.89
S0592,C001,Second Semester 2024,F,0.0
S0593,C003,First Semester 2023,D,0.77
S0594,C004,First Semester 2023,D,0.72
S0594,C001,Second Semester 2024,B,3.27
S0594,C002,Second Semester 2024,B,3.08
S0595,C001,First Semester 2023,C,2.04
S0595,C004,First Semester 2023,F,0.16
S0596,C002,First Semester 2023,A,4.0
S0597,C001,First Semester 2023,C,2.17
S0598,C004,Second Semester 2024,D,0.83
S0598,C003,Second Semester 2024,B,3.22
S0598,C002,First Semester 2023,D,0.86
S0599,C004,First Semester 2023,B,2.75
S0600,C001,Second Semester 2024,A,3.86
S0600,C002,First Semester 2023,A,3.88
S0600,C003,Second Semester 2024,D,1.22
S0601,C001,Second Semester 2024,F,0.0
S0602,C001,First Semester 2023,C,1.81
S0603,C004,First Semester 2023,A,3.76
S0604,C002,Second Semester 2024,D,0.91
S0604,C003,First Semester 2023,C,1.8
S0604,C001,Second Semester 2024,C,2.27
S0605,C004,First Semester 2023,D,0.99
S0605,C001,Second Semester 2024,B,3.2800000000000002
S0606,C002,Second Semester 2024,D,0.91
S0606,C003,Second Semester 2024,F,0.0
S0607,C003,Second Semester 2024,A,4.0
S0607,C002,Second Semester 2024,F,0.0
S0608,C002,Second Semester 2024,F,0.07
S0609,C003,Second Semester 2024,C,2.1
S0609,C002,First Semester 2023,C,1.71
S0609,C004,First Semester 2023,D,1.26
S0610,C001,Second Semester 2024,D,1.22
S0610,C003,Second Semester 2024,A,4.0
S0610,C004,First Semester 2023,D,0.86
S0611,C003,First Semester 2023,A,4.0
S0612,C004,Second Semester 2024,B,3.08
S0613,C003,Second Semester 2024,F,0.0
S0614,C002,Second Semester 2024,B,3.15
S0615,C004,First Semester 2023,B,2.95
S0616,C003,Second Semester 2024,F,0.16
S0617,C001,Second Semester 2024,F,0.0
S0617,C003,Second Semester 2024,C,1.83
S0618,C003,Second Semester 2024,B,3.2800000000000002
S0619,C001,First Semester 2023,F,0.27
S0619,C004,Second Semester 2024,C,2.19
S0620,C001,First Semester 2023,A,3.88
S0620,C002,First Semester 2023,C,2.0
S0621,C004,Second Semester 2024,A,4.0
S0622,C001,Second Semester 2024,D,0.95
S0622,C004,First Semester 2023,C,1.91
S0622,C002,Second Semester 2024,F,0.0
S0623,C001,Second Semester 2024,C,1.77
S0623,C003,First Semester 2023,B,2.98
S0624,C004,First Semester 2023,C,1.81
S0624,C003,First Semester 2023,F,0.0
S0624,C001,Second Semester 2024,D,0.9299999999999999
S0625,C002,First Semester 2023,D,1.08
S0625,C003,Second Semester 2024,F,0.26
S0625,C001,Second Semester 2024,A,4.0
S0626,C001,Second Semester 2024,A,3.75
S0626,C004,Second Semester 2024,A,4.0
S0626,C002,Second Semester 2024,D,0.76
S0627,C001,Second Semester 2024,F,0.26
S0627,C002,Second Semester 2024,A,4.0
S0627,C004,First Semester 2023,F,0.05
S0628,C002,First Semester 2023,A,4.0
S0629,C002,First Semester 2023,D,0.83
S0629,C003,First Semester 2023,D,1.03
S0630,C002,Second Semester 2024,A,3.82
S0630,C004,First Semester 2023,D,1.27
S0630,C001,Second Semester 2024,C,2.2800000000000002
S0631,C003,First Semester 2023,D,0.95
S0632,C002,Second Semester 2024,D,0.7
S0632,C001,First Semester 2023,C,2.17
S0632,C004,First Semester 2023,F,0.0
S0633,C001,First Semester 2023,C,1.88
S0633,C002,First Semester 2023,D,1.1
S0633,C004,Second Semester 2024,A,4.0
S0634,C001,Second Semester 2024,D,0.72
S0634,C004,Second Semester 2024,A,3.79
S0635,C003,Second Semester 2024,C,2.2
S0635,C001,Second Semester 2024,F,0.19
S0635,C004,Second Semester 2024,F,0.0
S0636,C001,First Semester 2023,B,3.2800000000000002
S0636,C002,First Semester 2023,D,0.85
S0636,C003,Second Semester 2024,D,0.8200000000000001
S0637,C001,Second Semester 2024,D,1.2
S0637,C004,Second Semester 2024,F,0.0
S0637,C003,First Semester 2023,D,1.29
S0638,C003,Second Semester 2024,B,2.94
S0638,C002,Second Semester 2024,C,2.01
S0639,C003,Second Semester 2024,D,0.84
S0639,C002,First Semester 2023,B,3.0
S0639,C001,Second Semester 2024,F,0.17
S0640,C001,Second Semester 2024,C,2.2
S0641,C002,First Semester 2023,B,3.27
S0641,C004,Second Semester 2024,B,2.76
S0641,C001,Second Semester 2024,A,3.96
S0642,C002,First Semester 2023,F,0.0
S0642,C001,Second Semester 2024,F,0.12
S0642,C003,First Semester 2023,A,4.0
S0643,C002,Second Semester 2024,A,4.0
S0644,C001,First Semester 2023,B,3.29
S0644,C004,First Semester 2023,C,1.81
S0644,C002,Second Semester 2024,B,2.88
S0645,C004,Second Semester 2024,F,0.2
S0645,C003,First Semester 2023,D,1.16
S0646,C002,First Semester 2023,A,3.86
S0647,C003,First Semester 2023,B,3.08
S0647,C004,First Semester 2023,F,0.22
S0647,C001,First Semester 2023,A,3.98
S0648,C002,Second Semester 2024,F,0.0
S0648,C003,Second Semester 2024,B,2.87
S0649,C004,First Semester 2023,B,2.76
S0649,C002,First Semester 2023,D,1.21
S0650,C004,First Semester 2023,B,2.93
S0651,C002,First Semester 2023,D,1.18
S0651,C003,First Semester 2023,D,0.74
S0652,C004,Second Semester 2024,A,3.83
S0652,C003,First Semester 2023,D,0.9299999999999999
S0653,C001,Second Semester 2024,C,2.08
S0653,C003,Second Semester 2024,D,1.19
S0654,C001,Second Semester 2024,B,2.88
S0654,C003,First Semester 2023,B,3.1
S0654,C004,Second Semester 2024,F,0.21
S0655,C004,First Semester 2023,A,4.0
S0656,C004,Second Semester 2024,C,1.99
S0656,C002,Second Semester 2024,F,0.06
S0657,C003,First Semester 2023,A,3.8
S0657,C004,First Semester 2023,C,2.26
S0658,C004,First Semester 2023,B,3.06
S0658,C001,First Semester 2023,F,0.0
S0658,C003,Second Semester 2024,F,0.16
S0659,C001,Second Semester 2024,B,3.22
S0659,C004,First Semester 2023,A,4.0
S0660,C003,Second Semester 2024,A,3.9
S0661,C002,First Semester 2023,B,2.75
S0661,C003,Second Semester 2024,B,2.86
S0661,C001,Second Semester 2024,D,0.8200000000000001
S0662,C004,Second Semester 2024,A,3.91
S0662,C003,Second Semester 2024,F,0.09
S0662,C001,First Semester 2023,D,1.15
S0663,C002,First Semester 2023,D,0.96
S0663,C001,First Semester 2023,D,1.25
S0663,C003,Second Semester 2024,C,1.8
S0664,C004,First Semester 2023,C,2.2800000000000002
S0664,C002,First Semester 2023,A,4.0
S0664,C001,Second Semester 2024,F,0.0
S0665,C004,First Semester 2023,B,3.27
S0665,C002,Second Semester 2024,D,0.96
S0666,C004,Second Semester 2024,D,0.95
S0667,C001,First Semester 2023,C,2.19
S0667,C003,Second Semester 2024,F,0.0
S0668,C002,First Semester 2023,D,0.96
S0668,C001,Second Semester 2024,F,0.0
S0668,C003,First Semester 2023,A,3.97
S0669,C003,First Semester 2023,A,4.0
S0669,C002,Second Semester 2024,C,2.05
S0669,C001,First Semester 2023,C,2.06
S0670,C002,Second Semester 2024,F,0.0
S0670,C004,First Semester 2023,A,3.77
S0671,C003,First Semester 2023,C,1.96
S0671,C002,First Semester 2023,B,2.91
S0672,C002,Second Semester 2024,A,3.83
S0672,C001,Second Semester 2024,C,1.92
S0673,C002,First Semester 2023,C,1.77
S0674,C001,Second Semester 2024,C,2.11
S0674,C002,Second Semester 2024,C,1.83
S0674,C003,Second Semester 2024,F,0.18
S0675,C004,Second Semester 2024,B,3.04
S0675,C003,First Semester 2023,D,0.87
S0675,C002,Second Semester 2024,B,3.02
S0676,C001,First Semester 2023,A,4.0
S0677,C001,Second Semester 2024,F,0.27
S0677,C003,First Semester 2023,A,4.0
S0677,C004,Second Semester 2024,D,1.11
S0678,C002,Second Semester 2024,D,0.89
S0678,C001,First Semester 2023,C,1.82
S0678,C003,Second Semester 2024,A,4.0
S0679,C003,Second Semester 2024,D,0.73
S0679,C001,Second Semester 2024,C,1.95
S0679,C004,First Semester 2023,A,3.97
S0680,C003,Second Semester 2024,F,0.0
S0681,C004,First Semester 2023,D,0.84
S0681,C001,First Semester 2023,A,3.87
S0682,C003,Second Semester 2024,F,0.29
S0682,C002,First Semester 2023,D,0.87
S0683,C003,First Semester 2023,D,0.72
S0683,C004,Second Semester 2024,F,0.25
S0684,C002,Second Semester 2024,A,3.9
S0685,C004,First Semester 2023,A,3.74
S0685,C003,Second Semester 2024,A,4.0
S0686,C001,First Semester 2023,D,1.13
S0686,C002,Second Semester 2024,C,1.89
S0686,C003,Second Semester 2024,C,1.94
S0687,C004,First Semester 2023,F,0.16
S0687,C002,Second Semester 2024,D,1.07
S0688,C003,First Semester 2023,D,0.88
S0689,C004,First Semester 2023,D,1.0
S0690,C002,Second Semester 2024,A,4.0
S0690,C001,Second Semester 2024,F,0.0
S0690,C004,First Semester 2023,B,2.73
S0691,C002,Second Semester 2024,A,3.78
S0691,C001,First Semester 2023,C,2.22
S0691,C003,Second Semester 2024,D,0.84
S0692,C001,First Semester 2023,A,3.81
S0692,C002,Second Semester 2024,C,2.19
S0692,C003,Second Semester 2024,F,0.29
S0693,C003,First Semester 2023,A,3.86
S0694,C003,Second Semester 2024,A,3.77
S0694,C004,First Semester 2023,C,1.75
S0695,C002,Second Semester 2024,C,2.11
S0696,C001,First Semester 2023,D,0.86
S0697,C003,First Semester 2023,B,3.25
S0697,C002,Second Semester 2024,F,0.0
S0698,C002,First Semester 2023,B,2.89
S0699,C003,First Semester 2023,B,3.15
S0699,C004,First Semester 2023,D,1.08
S0699,C002,First Semester 2023,A,4.0
S0700,C001,Second Semester 2024,B,3.05
S0700,C004,First Semester 2023,D,1.29
S0701,C004,Second Semester 2024,C,2.16
S0701,C003,First Semester 2023,D,0.84
S0701,C002,First Semester 2023,C,2.16
S0702,C002,First Semester 2023,A,3.91
S0702,C001,Second Semester 2024,B,3.1
S0702,C004,Second Semester 2024,B,3.12
S0703,C002,First Semester 2023,A,4.0
S0704,C003,First Semester 2023,A,3.83
S0704,C002,Second Semester 2024,B,2.98
S0705,C004,First Semester 2023,D,0.81
S0705,C001,First Semester 2023,A,3.9
S0706,C004,Second Semester 2024,F,0.16
S0706,C001,First Semester 2023,F,0.22
S0707,C004,First Semester 2023,C,2.13
S0708,C001,Second Semester 2024,B,3.21
S0708,C002,Second Semester 2024,A,4.0
S0708,C003,First Semester 2023,B,3.25
S0709,C004,Second Semester 2024,D,1.29
S0710,C002,Second Semester 2024,F,0.01
S0710,C003,Second Semester 2024,D,0.81
S0711,C002,Second Semester 2024,C,1.95
S0711,C001,Second Semester 2024,C,2.27
S0711,C003,First Semester 2023,F,0.09
S0712,C003,Second Semester 2024,B,2.98
S0713,C001,Second Semester 2024,A,4.0
S0713,C003,First Semester 2023,B,2.71
S0713,C002,First Semester 2023,D,0.81
S0714,C001,Second Semester 2024,A,3.99
S0714,C004,Second Semester 2024,F,0.0
S0714,C003,Second Semester 2024,C,1.77
S0715,C003,Second Semester 2024,F,0.0
S0716,C003,First Semester 2023,D,0.83
S0716,C002,First Semester 2023,D,1.0
S0716,C004,Second Semester 2024,F,0.0
S0717,C001,First Semester 2023,D,0.86
S0717,C002,Second Semester 2024,A,3.73
S0718,C001,Second Semester 2024,D,1.1400000000000001
S0718,C004,Second Semester 2024,D,0.8200000000000001
S0719,C004,Second Semester 2024,B,2.94
S0719,C002,First Semester 2023,F,0.0
S0720,C004,First Semester 2023,F,0.0
S0721,C004,First Semester 2023,D,0.77
S0721,C002,First Semester 2023,A,4.0
S0721,C003,First Semester 2023,A,3.83
S0722,C001,Second Semester 2024,A,4.0
S0722,C004,First Semester 2023,F,0.0
S0722,C002,Second Semester 2024,A,4.0
S0723,C004,Second Semester 2024,C,1.84
S0723,C003,Second Semester 2024,F,0.12
S0723,C001,Second Semester 2024,D,0.94
S0724,C002,Second Semester 2024,A,3.83
S0724,C001,First Semester 2023,C,2.0
S0725,C002,Second Semester 2024,B,3.17
S0725,C003,Second Semester 2024,C,2.08
S0726,C004,Second Semester 2024,F,0.0
S0727,C004,First Semester 2023,A,3.76
S0727,C003,Second Semester 2024,F,0.24
S0727,C001,First Semester 2023,F,0.0
S0728,C001,First Semester 2023,C,2.21
S0728,C004,Second Semester 2024,B,2.8
S0728,C002,First Semester 2023,A,3.8
S0729,C001,Second Semester 2024,C,2.24
S0729,C002,Second Semester 2024,B,3.2800000000000002
S0729,C003,Second Semester 2024,D,0.96
S0730,C002,Second Semester 2024,A,3.81
S0730,C001,Second Semester 2024,C,2.23
S0731,C004,First Semester 2023,B,3.11
S0731,C003,Second Semester 2024,A,4.0
S0731,C001,First Semester 2023,D,1.05
S0732,C001,First Semester 2023,D,1.22
S0732,C004,Second Semester 2024,D,0.77
S0733,C003,First Semester 2023,A,4.0
S0733,C002,First Semester 2023,C,2.2
S0733,C004,First Semester 2023,F,0.0
S0734,C002,Second Semester 2024,B,3.17
S0734,C003,Second Semester 2024,A,3.88
S0734,C004,First Semester 2023,C,1.97
S0735,C001,Second Semester 2024,C,2.29
S0736,C002,Second Semester 2024,C,2.1
S0737,C002,Second Semester 2024,C,1.92
S0737,C003,First Semester 2023,A,4.0
S0738,C003,First Semester 2023,C,2.13
S0738,C001,First Semester 2023,F,0.16
S0738,C002,Second Semester 2024,F,0.0
S0739,C004,First Semester 2023,C,2.11
S0739,C003,Second Semester 2024,A,3.79
S0740,C002,Second Semester 2024,D,1.21
S0740,C003,Second Semester 2024,B,2.91
S0741,C003,First Semester 2023,A,3.85
S0741,C004,Second Semester 2024,D,0.92
S0742,C003,Second Semester 2024,A,3.82
S0742,C002,Second Semester 2024,D,1.08
S0742,C004,Second Semester 2024,C,2.23
S0743,C002,Second Semester 2024,F,0.24
S0743,C003,First Semester 2023,D,1.29
S0743,C001,First Semester 2023,F,0.0
S0744,C001,First Semester 2023,C,2.23
S0745,C001,Second Semester 2024,D,1.05
S0746,C003,Second Semester 2024,C,1.89
S0747,C001,First Semester 2023,A,4.0
S0748,C002,First Semester 2023,C,2.2
S0748,C003,First Semester 2023,A,3.96
S0748,C001,First Semester 2023,D,1.04
S0749,C002,Second Semester 2024,C,1.87
S0749,C004,First Semester 2023,A,4.0
S0749,C003,Second Semester 2024,B,2.98
S0750,C003,First Semester 2023,B,3.01
S0750,C002,Second Semester 2024,C,2.07
S0751,C004,First Semester 2023,B,2.88
S0751,C002,Second Semester 2024,C,1.74
S0752,C001,First Semester 2023,C,1.71
S0752,C002,Second Semester 2024,A,3.83
S0753,C004,Second Semester 2024,F,0.0
S0753,C001,First Semester 2023,D,0.88
S0753,C003,Second Semester 2024,D,0.91
S0754,C001,First Semester 2023,A,3.73
S0755,C003,Second Semester 2024,B,2.91
S0755,C002,First Semester 2023,C,2.17
S0755,C001,Second Semester 2024,F,0.1
S0756,C003,Second Semester 2024,F,0.0
S0757,C004,Second Semester 2024,A,4.0
S0758,C001,First Semester 2023,B,3.3
S0758,C003,Second Semester 2024,B,2.96
S0759,C001,Second Semester 2024,A,3.87
S0759,C003,Second Semester 2024,A,3.98
S0760,C001,Second Semester 2024,C,1.85
S0761,C001,Second Semester 2024,D,0.95
S0761,C002,First Semester 2023,A,4.0
S0762,C001,Second Semester 2024,C,2.06
S0762,C002,Second Semester 2024,B,3.04
S0762,C004,Second Semester 2024,C,2.18
S0763,C004,First Semester 2023,B,3.11
S0764,C002,First Semester 2023,B,2.85
S0765,C002,First Semester 2023,D,1.03
S0765,C004,Second Semester 2024,C,1.88
S0765,C003,Second Semester 2024,C,2.04
S0766,C003,First Semester 2023,D,1.03
S0767,C001,First Semester 2023,D,1.17
S0767,C002,Second Semester 2024,D,0.76
S0767,C004,First Semester 2023,F,0.0
S0768,C002,First Semester 2023,C,2.0
S0768,C001,First Semester 2023,C,1.98
S0768,C003,First Semester 2023,D,0.98
S0769,C002,First Semester 2023,D,0.98
S0769,C001,First Semester 2023,F,0.0
S0769,C003,First Semester 2023,D,0.75
S0770,C001,First Semester 2023,B,3.07
S0771,C002,Second Semester 2024,C,2.17
S0771,C001,Second Semester 2024,F,0.01
S0771,C003,First Semester 2023,B,3.07
S0772,C002,First Semester 2023,F,0.23
S0772,C004,First Semester 2023,A,4.0
S0772,C001,First Semester 2023,D,0.78
S0773,C002,First Semester 2023,A,3.98
S0773,C004,Second Semester 2024,F,0.0
S0774,C004,First Semester 2023,A,3.75
S0775,C002,First Semester 2023,C,2.2
S0776,C004,Second Semester 2024,A,3.9
S0776,C001,First Semester 2023,A,4.0
S0776,C003,First Semester 2023,F,0.0
S0777,C003,First Semester 2023,C,2.22
S0777,C002,First Semester 2023,A,4.0
S0777,C004,Second Semester 2024,F,0.14
S0778,C004,First Semester 2023,A,4.0
S0778,C001,First Semester 2023,F,0.0
S0779,C004,First Semester 2023,D,0.78
S0780,C003,First Semester 2023,B,2.88
S0780,C002,First Semester 2023,C,2.13
S0781,C001,Second Semester 2024,A,4.0
S0782,C002,Second Semester 2024,F,0.11
S0782,C004,First Semester 2023,A,3.74
S0782,C001,First Semester 2023,B,3.06
S0783,C004,First Semester 2023,A,4.0
S0783,C001,First Semester 2023,B,2.82
S0784,C003,Second Semester 2024,D,0.71
S0784,C002,Second Semester 2024,F,0.0
S0784,C001,Second Semester 2024,A,4.0
S0785,C001,First Semester 2023,C,1.94
S0786,C004,First Semester 2023,B,3.19
S0787,C004,Second Semester 2024,F,0.0
S0788,C003,First Semester 2023,F,0.11
S0789,C002,First Semester 2023,F,0.0
S0789,C001,Second Semester 2024,B,3.08
S0790,C002,Second Semester 2024,B,2.79
S0790,C001,Second Semester 2024,B,2.8
S0791,C002,Second Semester 2024,F,0.0
S0791,C001,Second Semester 2024,D,0.87
S0792,C004,First Semester 2023,A,4.0
S0793,C003,Second Semester 2024,D,0.92
S0793,C001,First Semester 2023,C,1.93
S0794,C001,First Semester 2023,A,3.98
S0794,C002,Second Semester 2024,D,0.79
S0794,C004,First Semester 2023,C,1.97
S0795,C003,First Semester 2023,F,0.0
S0796,C002,First Semester 2023,F,0.0
S0796,C003,Second Semester 2024,F,0.0
S0796,C001,Second Semester 2024,C,2.2800000000000002
S0797,C001,Second Semester 2024,D,1.23
S0797,C003,First Semester 2023,D,0.87
S0798,C004,First Semester 2023,B,2.91
S0798,C003,First Semester 2023,F,0.0
S0799,C004,First Semester 2023,F,0.0
S0800,C001,Second Semester 2024,A,3.8
S0800,C002,First Semester 2023,B,2.91
S0801,C002,First Semester 2023,F,0.0
S0801,C001,Second Semester 2024,B,2.87
S0802,C003,Second Semester 2024,C,2.25
S0803,C001,Second Semester 2024,A,4.0
S0803,C004,Second Semester 2024,D,0.9299999999999999
S0803,C002,First Semester 2023,D,1.06
S0804,C002,Second Semester 2024,B,3.05
S0804,C003,Second Semester 2024,F,0.17
S0805,C001,First Semester 2023,F,0.0
S0805,C003,Second Semester 2024,C,2.05
S0806,C003,Second Semester 2024,F,0.0
S0807,C002,Second Semester 2024,F,0.2
S0807,C003,First Semester 2023,A,3.73
S0807,C001,Second Semester 2024,B,2.84
S0808,C004,Second Semester 2024,A,4.0
S0809,C001,First Semester 2023,D,0.89
S0809,C002,First Semester 2023,B,3.29
S0809,C003,First Semester 2023,B,2.76
S0810,C002,First Semester 2023,B,3.14
S0810,C003,Second Semester 2024,D,1.15
S0811,C002,Second Semester 2024,D,1.25
S0811,C003,Second Semester 2024,A,4.0
S0811,C001,Second Semester 2024,A,3.7199999999999998
S0812,C001,Second Semester 2024,A,3.96
S0813,C004,First Semester 2023,C,2.06
S0813,C003,Second Semester 2024,A,4.0
S0814,C003,First Semester 2023,C,1.76
S0814,C004,First Semester 2023,D,0.9299999999999999
S0814,C001,Second Semester 2024,F,0.03
S0815,C001,First Semester 2023,B,2.85
S0815,C004,First Semester 2023,D,1.11
S0816,C004,First Semester 2023,B,2.82
S0817,C001,First Semester 2023,B,2.96
S0817,C002,Second Semester 2024,F,0.19
S0817,C003,Second Semester 2024,B,2.75
S0818,C001,First Semester 2023,A,4.0
S0818,C002,First Semester 2023,A,3.82
S0818,C004,Second Semester 2024,B,3.24
S0819,C003,Second Semester 2024,C,2.16
S0819,C004,Second Semester 2024,F,0.03
S0819,C002,Second Semester 2024,A,3.9
S0820,C003,First Semester 2023,F,0.0
S0821,C004,Second Semester 2024,B,3.04
S0822,C002,Second Semester 2024,D,1.0
S0823,C002,First Semester 2023,C,2.07
S0823,C003,Second Semester 2024,F,0.21
S0824,C002,First Semester 2023,A,3.96
S0825,C001,Second Semester 2024,D,1.22
S0826,C004,Second Semester 2024,F,0.0
S0827,C002,First Semester 2023,F,0.0
S0828,C003,Second Semester 2024,A,4.0
S0828,C001,First Semester 2023,A,4.0
S0829,C001,Second Semester 2024,C,1.71
S0829,C004,First Semester 2023,C,2.25
S0830,C002,Second Semester 2024,C,1.93
S0830,C001,Second Semester 2024,C,1.74
S0831,C002,Second Semester 2024,B,3.2800000000000002
S0831,C003,First Semester 2023,A,4.0
S0832,C001,First Semester 2023,B,3.21
S0832,C004,First Semester 2023,F,0.0
S0833,C002,First Semester 2023,D,1.07
S0833,C004,First Semester 2023,F,0.12
S0833,C003,First Semester 2023,A,4.0
S0834,C002,First Semester 2023,C,2.09
S0834,C004,Second Semester 2024,A,3.9
S0834,C001,First Semester 2023,C,1.82
S0835,C002,Second Semester 2024,A,3.78
S0835,C004,First Semester 2023,F,0.19
S0836,C004,Second Semester 2024,C,2.25
S0836,C001,Second Semester 2024,A,3.84
S0837,C003,Second Semester 2024,A,4.0
S0838,C004,First Semester 2023,F,0.24
S0838,C003,Second Semester 2024,A,3.91
S0839,C004,First Semester 2023,A,4.0
S0839,C002,Second Semester 2024,F,0.14
S0840,C002,First Semester 2023,A,4.0
S0840,C003,First Semester 2023,D,1.27
S0841,C003,Second Semester 2024,C,2.13
S0841,C001,First Semester 2023,A,3.7199999999999998
S0842,C003,Second Semester 2024,F,0.0
S0842,C002,First Semester 2023,C,1.96
S0842,C001,First Semester 2023,C,2.17
S0843,C004,Second Semester 2024,B,2.71
S0843,C001,Second Semester 2024,A,3.7199999999999998
S0844,C004,First Semester 2023,B,3.02
S0844,C001,Second Semester 2024,D,1.11
S0844,C003,Second Semester 2024,A,4.0
S0845,C003,Second Semester 2024,A,3.93
S0845,C002,First Semester 2023,D,1.12
S0845,C001,First Semester 2023,D,1.12
S0846,C001,Second Semester 2024,F,0.0
S0846,C003,Second Semester 2024,D,0.77
S0847,C003,Second Semester 2024,F,0.29
S0847,C004,First Semester 2023,C,1.91
S0848,C001,First Semester 2023,C,1.96
S0848,C002,Second Semester 2024,A,3.84
S0848,C004,First Semester 2023,A,4.0
S0849,C001,Second Semester 2024,B,2.95
S0850,C003,Second Semester 2024,F,0.04
S0850,C001,First Semester 2023,A,4.0
S0851,C002,First Semester 2023,B,3.19
S0852,C003,Second Semester 2024,A,3.73
S0853,C003,Second Semester 2024,D,0.81
S0853,C004,Second Semester 2024,A,3.89
S0854,C002,Second Semester 2024,F,0.09
S0855,C004,First Semester 2023,B,3.3
S0855,C002,First Semester 2023,B,3.06
S0856,C002,Second Semester 2024,D,1.09
S0856,C001,First Semester 2023,A,3.75
S0856,C003,First Semester 2023,F,0.0
S0857,C003,Second Semester 2024,C,2.24
S0857,C002,Second Semester 2024,B,2.97
S0858,C003,First Semester 2023,C,2.26
S0858,C001,First Semester 2023,F,0.0
S0858,C002,First Semester 2023,B,3.02
S0859,C002,Second Semester 2024,C,1.89
S0860,C002,First Semester 2023,F,0.0
S0861,C001,Second Semester 2024,A,3.91
S0861,C004,First Semester 2023,D,1.12
S0861,C003,First Semester 2023,F,0.0
S0862,C001,Second Semester 2024,A,3.82
S0862,C002,First Semester 2023,B,3.2
S0862,C004,First Semester 2023,F,0.0
S0863,C002,First Semester 2023,F,0.0
S0864,C003,First Semester 2023,C,2.13
S0864,C001,Second Semester 2024,B,2.7199999999999998
S0864,C004,Second Semester 2024,B,3.12
S0865,C002,First Semester 2023,D,1.27
S0866,C001,First Semester 2023,A,4.0
S0866,C003,First Semester 2023,A,3.86
S0866,C004,First Semester 2023,F,0.0
S0867,C002,Second Semester 2024,A,3.74
S0868,C002,First Semester 2023,F,0.0
S0868,C004,Second Semester 2024,A,4.0
S0868,C001,First Semester 2023,D,0.97
S0869,C004,First Semester 2023,B,2.82
S0870,C004,First Semester 2023,B,3.1
S0871,C004,Second Semester 2024,F,0.0
S0872,C001,Second Semester 2024,C,1.72
S0872,C004,First Semester 2023,C,2.26
S0873,C004,Second Semester 2024,F,0.15
S0873,C003,Second Semester 2024,C,2.25
S0874,C004,First Semester 2023,C,2.19
S0874,C002,Second Semester 2024,F,0.0
S0874,C003,Second Semester 2024,A,3.9
S0875,C004,First Semester 2023,F,0.0
S0876,C001,First Semester 2023,D,1.17
S0876,C004,Second Semester 2024,A,4.0
S0877,C001,First Semester 2023,F,0.0
S0877,C003,First Semester 2023,C,2.22
S0877,C004,First Semester 2023,F,0.0
S0878,C001,Second Semester 2024,F,0.13
S0878,C004,Second Semester 2024,F,0.0
S0879,C003,Second Semester 2024,D,0.98
S0879,C004,Second Semester 2024,B,2.78
S0879,C002,Second Semester 2024,A,3.87
S0880,C001,Second Semester 2024,C,1.75
S0880,C004,Second Semester 2024,B,3.16
S0881,C002,First Semester 2023,C,1.9
S0881,C001,Second Semester 2024,D,0.72
S0881,C003,First Semester 2023,C,1.92
S0882,C003,Second Semester 2024,C,2.17
S0882,C001,First Semester 2023,F,0.0
S0883,C004,Second Semester 2024,C,2.04
S0883,C002,Second Semester 2024,C,2.2
S0883,C001,Second Semester 2024,B,2.97
S0884,C001,Second Semester 2024,A,3.96
S0884,C004,Second Semester 2024,D,0.72
S0885,C004,Second Semester 2024,C,1.99
S0885,C002,First Semester 2023,F,0.0
S0886,C003,Second Semester 2024,A,4.0
S0886,C004,First Semester 2023,A,3.87
S0886,C001,Second Semester 2024,F,0.03
S0887,C004,Second Semester 2024,A,3.96
S0888,C002,Second Semester 2024,C,2.16
S0888,C003,Second Semester 2024,C,1.8599999999999999
S0888,C001,Second Semester 2024,D,0.78
S0889,C003,First Semester 2023,B,2.79
S0889,C002,First Semester 2023,F,0.09
S0889,C004,Second Semester 2024,B,2.77
S0890,C001,Second Semester 2024,A,3.81
S0890,C003,Second Semester 2024,F,0.22
S0890,C002,Second Semester 2024,F,0.0
S0891,C001,First Semester 2023,F,0.13
S0891,C003,First Semester 2023,A,4.0
S0892,C001,First Semester 2023,C,2.29
S0892,C003,First Semester 2023,A,4.0
S0893,C001,Second Semester 2024,C,2.02
S0894,C004,Second Semester 2024,A,4.0
S0894,C003,First Semester 2023,C,1.77
S0895,C001,Second Semester 2024,F,0.0
S0895,C002,Second Semester 2024,F,0.0
S0896,C001,First Semester 2023,B,2.9
S0896,C002,Second Semester 2024,C,2.2
S0896,C004,Second Semester 2024,D,0.74
S0897,C003,First Semester 2023,D,1.23
S0897,C002,First Semester 2023,B,2.71
S0897,C004,First Semester 2023,F,0.17
S0898,C001,Second Semester 2024,C,2.29
S0898,C002,First Semester 2023,C,1.98
S0899,C001,Second Semester 2024,C,2.07
S0899,C003,Second Semester 2024,B,2.92
S0899,C002,First Semester 2023,C,2.26
S0900,C003,Second Semester 2024,F,0.0
S0901,C003,Second Semester 2024,F,0.0
S0901,C001,Second Semester 2024,C,2.01
S0901,C002,First Semester 2023,F,0.17
S0902,C002,First Semester 2023,C,2.26
S0902,C003,Second Semester 2024,D,1.2
S0902,C004,Second Semester 2024,A,4.0
S0903,C001,Second Semester 2024,B,2.93
S0903,C003,First Semester 2023,A,4.0
S0903,C004,First Semester 2023,B,3.04
S0904,C003,Second Semester 2024,F,0.08
S0904,C002,First Semester 2023,D,1.02
S0904,C004,Second Semester 2024,A,4.0
S0905,C002,Second Semester 2024,F,0.18
S0905,C004,First Semester 2023,F,0.0
S0905,C001,First Semester 2023,F,0.01
S0906,C003,Second Semester 2024,C,1.8599999999999999
S0907,C004,First Semester 2023,F,0.0
S0907,C002,Second Semester 2024,B,2.9
S0907,C001,First Semester 2023,C,1.84
S0908,C002,First Semester 2023,C,2.15
S0908,C003,Second Semester 2024,A,4.0
S0909,C001,Second Semester 2024,D,1.1400000000000001
S0910,C001,Second Semester 2024,D,0.92
S0910,C002,First Semester 2023,C,2.04
S0911,C002,First Semester 2023,A,4.0
S0911,C001,Second Semester 2024,D,1.06
S0911,C003,First Semester 2023,D,1.17
S0912,C001,Second Semester 2024,B,3.04
S0912,C002,First Semester 2023,B,3.26
S0912,C003,First Semester 2023,B,3.17
S0913,C002,First Semester 2023,D,1.1
S0914,C004,First Semester 2023,B,3.06
S0914,C002,Second Semester 2024,C,1.9
S0915,C003,Second Semester 2024,A,3.75
S0916,C002,Second Semester 2024,D,1.0
S0916,C004,Second Semester 2024,B,3.05
S0916,C001,First Semester 2023,B,3.24
S0917,C001,First Semester 2023,D,0.71
S0917,C003,Second Semester 2024,A,3.95
S0917,C004,Second Semester 2024,F,0.13
S0918,C002,Second Semester 2024,D,1.15
S0919,C004,Second Semester 2024,B,3.22
S0920,C002,Second Semester 2024,D,0.71
S0921,C004,Second Semester 2024,B,3.29
S0922,C001,First Semester 2023,B,3.01
S0922,C002,Second Semester 2024,F,0.25
S0923,C003,Second Semester 2024,D,0.91
S0923,C004,First Semester 2023,D,1.12
S0924,C001,Second Semester 2024,B,3.13
S0924,C002,Second Semester 2024,A,3.9
S0925,C001,Second Semester 2024,C,2.05
S0925,C004,First Semester 2023,F,0.0
S0925,C003,Second Semester 2024,A,3.74
S0926,C003,First Semester 2023,C,2.27
S0926,C002,First Semester 2023,D,1.08
S0926,C001,First Semester 2023,D,0.87
S0927,C004,Second Semester 2024,D,1.12
S0927,C002,First Semester 2023,B,3.13
S0927,C003,First Semester 2023,F,0.25
S0928,C003,First Semester 2023,F,0.0
S0928,C002,Second Semester 2024,A,4.0
S0928,C001,Second Semester 2024,C,2.1
S0929,C002,First Semester 2023,D,0.9299999999999999
S0929,C001,Second Semester 2024,D,0.81
S0929,C003,Second Semester 2024,F,0.0
S0930,C001,Second Semester 2024,A,3.84
S0931,C003,First Semester 2023,D,0.9
S0931,C001,First Semester 2023,F,0.01
S0932,C001,Second Semester 2024,F,0.05
S0933,C004,First Semester 2023,D,0.87
S0933,C001,Second Semester 2024,D,0.89
S0933,C003,Second Semester 2024,B,3.27
S0934,C004,First Semester 2023,A,4.0
S0935,C003,First Semester 2023,B,2.96
S0936,C004,First Semester 2023,C,2.05
S0937,C003,Second Semester 2024,F,0.0
S0937,C001,Second Semester 2024,C,1.87
S0938,C004,Second Semester 2024,A,3.87
S0938,C001,Second Semester 2024,D,0.96
S0938,C003,Second Semester 2024,B,2.87
S0939,C004,Second Semester 2024,C,2.29
S0940,C003,First Semester 2023,A,4.0
S0940,C001,Second Semester 2024,C,1.78
S0940,C004,Second Semester 2024,B,3.03
S0941,C001,Second Semester 2024,F,0.15
S0941,C004,Second Semester 2024,A,4.0
S0941,C002,Second Semester 2024,A,4.0
S0942,C001,Second Semester 2024,F,0.02
S0942,C003,Second Semester 2024,B,2.7
S0942,C004,Second Semester 2024,A,3.92
S0943,C003,Second Semester 2024,C,2.27
S0944,C001,First Semester 2023,F,0.0
S0944,C002,Second Semester 2024,D,1.01
S0945,C003,Second Semester 2024,D,0.88
S0945,C002,Second Semester 2024,A,4.0
S0945,C004,Second Semester 2024,A,3.97
S0946,C003,Second Semester 2024,D,1.0
S0947,C004,First Semester 2023,A,4.0
S0947,C001,First Semester 2023,C,2.14
S0947,C003,First Semester 2023,A,4.0
S0948,C002,Second Semester 2024,A,4.0
S0948,C003,First Semester 2023,B,3.14
S0949,C004,Second Semester 2024,C,1.79
S0950,C004,First Semester 2023,C,1.87
S0950,C002,First Semester 2023,F,0.1
S0950,C003,Second Semester 2024,A,4.0
S0951,C003,First Semester 2023,C,2.24
S0952,C003,First Semester 2023,A,3.96
S0952,C004,First Semester 2023,F,0.0
S0952,C001,First Semester 2023,F,0.1
S0953,C001,First Semester 2023,A,4.0
S0953,C002,First Semester 2023,A,3.85
S0954,C001,First Semester 2023,F,0.0
S0954,C002,First Semester 2023,B,3.1
S0955,C004,First Semester 2023,C,1.98
S0955,C002,First Semester 2023,D,1.19
S0955,C003,Second Semester 2024,D,0.87
S0956,C002,Second Semester 2024,B,3.08
S0956,C001,First Semester 2023,A,4.0
S0956,C003,First Semester 2023,B,2.7
S0957,C004,Second Semester 2024,A,3.99
S0957,C001,First Semester 2023,F,0.0
S0957,C002,First Semester 2023,B,2.7199999999999998
S0958,C002,Second Semester 2024,C,2.07
S0959,C002,Second Semester 2024,F,0.0
S0959,C001,Second Semester 2024,C,1.99
S0960,C002,First Semester 2023,B,3.23
S0960,C004,First Semester 2023,B,3.23
S0961,C004,Second Semester 2024,D,0.99
S0961,C002,Second Semester 2024,D,1.06
S0962,C003,First Semester 2023,F,0.0
S0962,C004,Second Semester 2024,A,3.83
S0963,C003,Second Semester 2024,C,1.95
S0964,C002,Second Semester 2024,D,0.9
S0965,C001,Second Semester 2024,D,0.77
S0965,C002,Second Semester 2024,D,1.27
S0965,C003,First Semester 2023,A,3.91
S0966,C003,Second Semester 2024,D,1.12
S0966,C001,First Semester 2023,D,1.2
S0966,C002,First Semester 2023,D,1.06
S0967,C001,Second Semester 2024,B,2.7199999999999998
S0967,C003,Second Semester 2024,C,2.0
S0967,C002,Second Semester 2024,D,0.74
S0968,C001,First Semester 2023,C,1.8599999999999999
S0968,C003,Second Semester 2024,C,1.95
S0969,C004,First Semester 2023,D,0.96
S0970,C003,Second Semester 2024,C,2.25
S0970,C002,Second Semester 2024,C,1.99
S0971,C003,First Semester 2023,B,2.9
S0971,C001,First Semester 2023,A,3.89
S0972,C003,Second Semester 2024,D,0.83
S0972,C004,First Semester 2023,B,3.02
S0972,C001,Second Semester 2024,A,4.0
S0973,C002,Second Semester 2024,F,0.07
S0974,C004,Second Semester 2024,B,3.06
S0974,C003,Second Semester 2024,A,4.0
S0974,C002,Second Semester 2024,A,4.0
S0975,C002,First Semester 2023,A,4.0
S0976,C001,First Semester 2023,C,2.25
S0977,C001,First Semester 2023,F,0.0
S0978,C002,Second Semester 2024,A,4.0
S0978,C003,First Semester 2023,C,2.02
S0978,C001,Second Semester 2024,B,3.2
S0979,C004,Second Semester 2024,D,1.22
S0980,C002,First Semester 2023,B,2.87
S0981,C004,First Semester 2023,B,3.25
S0981,C002,First Semester 2023,C,1.95
S0981,C003,Second Semester 2024,F,0.14
S0982,C001,First Semester 2023,A,3.7199999999999998
S0982,C002,Second Semester 2024,A,4.0
S0983,C003,Second Semester 2024,F,0.0
S0983,C001,Second Semester 2024,D,1.17
S0984,C004,First Semester 2023,A,3.79
S0984,C001,Second Semester 2024,C,1.71
S0984,C003,First Semester 2023,B,2.7199999999999998
S0985,C004,Second Semester 2024,A,4.0
S0985,C002,Second Semester 2024,D,1.09
S0985,C001,Second Semester 2024,B,3.19
S0986,C003,First Semester 2023,C,2.22
S0987,C004,First Semester 2023,A,3.74
S0987,C001,Second Semester 2024,D,0.71
S0988,C004,Second Semester 2024,F,0.06
S0988,C001,Second Semester 2024,B,2.76
S0988,C002,First Semester 2023,F,0.18
S0989,C003,First Semester 2023,B,3.2
S0990,C002,First Semester 2023,C,2.17
S0990,C001,Second Semester 2024,D,1.01
S0991,C004,First Semester 2023,A,3.88
S0991,C002,First Semester 2023,D,0.8200000000000001
S0992,C003,First Semester 2023,C,2.2800000000000002
S0992,C002,First Semester 2023,F,0.0
S0993,C004,First Semester 2023,C,1.96
S0993,C001,First Semester 2023,B,3.2800000000000002
S0994,C003,First Semester 2023,F,0.0
S0994,C002,Second Semester 2024,C,2.24
S0995,C001,Second Semester 2024,F,0.0
S0995,C003,First Semester 2023,D,0.71
S0995,C004,First Semester 2023,D,1.1400000000000001
S0996,C001,First Semester 2023,C,2.16
S0997,C002,Second Semester 2024,A,3.97
S0998,C003,Second Semester 2024,F,0.29
S0998,C004,First Semester 2023,D,1.16
S0998,C002,Second Semester 2024,D,0.92
S0999,C001,First Semester 2023,F,0.0
